CpuMaxMemory,EpLenMean,EpRewMean,GpuMaxMemory,IPS_total,Iter,Misc/FrameRewMean,Misc/InteractCount,Misc/TimeElapsed,Opt/approxkl,Opt/clipfrac,Opt/entropy,Opt/loss_pi,Opt/loss_vf,Opt/negent,Opt/pg,Opt/pi_kl,VFStats/AdvMean,VFStats/AdvStd,VFStats/EV,VFStats/VpredMean,VFStats/VpredStd,VFStats/VtargMean,VFStats/VtargStd,del_time,wait_optimization,scaled/pol_distance,scaled/vf_aux,scaled/vf_true,unscaled/pol_distance,unscaled/vf_aux,unscaled/vf_true
2365744000.0,85.28,-2.3399999141693115,6317166080.0,3516.448643109727,0.0,-0.050005920231342316,16384.0,4.659246206283569,0.0037817410193383694,0.0245361328125,2.703352212905884,-0.026793401688337326,0.11162090301513672,-0.027033522725105286,0.00024011917412281036,0.0,-0.7486070394515991,0.26523852348327637,-0.0027698935641053968,0.005814889445900917,0.01038252655416727,-0.7427921295166016,0.2648719549179077,4.659246206283569,2.7698535919189453,,,,,,
2564796000.0,81.85,-2.7899999618530273,6519754752.0,3600.1943625200147,1.0,-0.05058852583169937,32768.0,9.210111618041992,0.00010451373236719519,0.0,2.706533908843994,-0.02698262594640255,0.1437346190214157,-0.02706534042954445,8.27140174806118e-05,0.0,-0.6329656839370728,0.37168172001838684,-0.01779249817215267,-0.44507139921188354,0.07594405114650726,-1.078037142753601,0.36841854453086853,4.550865411758423,2.7637391090393066,,,,,,
2762796000.0,75.8,-2.109999895095825,6519754752.0,3535.1543599454494,2.0,-0.0510345920920372,49152.0,13.844704151153564,0.00041812824201770127,0.0,2.705275058746338,-0.027149992063641548,0.19556421041488647,-0.027052748948335648,-9.724264964461327e-05,0.0,-0.5198508501052856,0.5046945214271545,0.017542473875566178,-0.9777247905731201,0.15221011638641357,-1.4975756406784058,0.5091803669929504,4.634592533111572,2.772440195083618,,,,,,
2960532000.0,80.82,-2.680000066757202,6519754752.0,3547.7045338481053,3.0,-0.05083933845162392,65536.0,18.46290159225464,0.003764106659218669,0.037841796875,2.692460536956787,-0.026743615046143532,0.2600933611392975,-0.026924604550004005,0.00018098857253789902,0.0,-0.40050169825553894,0.6311267018318176,0.04226261311755242,-1.4459834098815918,0.22251363098621368,-1.8464850187301636,0.6449015140533447,4.618197441101074,2.762033462524414,,,,,,
3158532000.0,77.74,-1.7999999523162842,6519754752.0,3544.0238590123763,4.0,-0.050632085651159286,81920.0,23.0858952999115,0.0015161337796598673,0.0,2.7055888175964355,-0.026720652356743813,0.3155815899372101,-0.02705588936805725,0.00033523235470056534,0.0,-0.25491103529930115,0.7691810131072998,-0.012509237211858926,-1.9731252193450928,0.27161723375320435,-2.228036403656006,0.7644152045249939,4.62299370765686,2.7674362659454346,,,,,,
3356268000.0,83.17,-2.819999933242798,6519754752.0,3620.317508056216,5.0,-0.050848305225372314,98304.0,27.611465215682983,5.840381345478818e-05,0.0,2.707338809967041,-0.027050523087382317,0.3468951880931854,-0.027073387056589127,2.2862106561660767e-05,0.0,-0.2255675196647644,0.8324326276779175,0.0747363405704492,-2.29762601852417,0.27405354380607605,-2.523193597793579,0.8653989434242249,4.525569915771484,2.7734813690185547,,,,,,
3554268000.0,85.24,-2.140000104904175,6519754752.0,3592.846496974133,6.0,-0.05047924071550369,114688.0,32.171637773513794,0.000389716646168381,0.0,2.7061333656311035,-0.027246864512562752,0.37560051679611206,-0.027061330154538155,-0.00018553389236330986,0.0,-0.18336895108222961,0.8549063801765442,0.09666713057713083,-2.414177894592285,0.3341958820819855,-2.5975470542907715,0.8994870781898499,4.5601725578308105,2.793654441833496,,,,,,
3753060000.0,81.6,-2.0199999809265137,6519754752.0,3505.134343559644,7.0,-0.05061976611614227,131072.0,36.84592366218567,0.0015547062503173947,0.00506591796875,2.6983819007873535,-0.026990462094545364,0.4310629665851593,-0.02698381617665291,-6.645452231168747e-06,0.0,-0.07504908740520477,0.9067621231079102,0.25717396508761947,-2.738661527633667,0.4674351215362549,-2.8137106895446777,1.0520826578140259,4.674285888671875,2.8156020641326904,,,,,,
3950004000.0,79.61,-1.840000033378601,6519754752.0,3455.0066044321657,8.0,-0.05062120407819748,147456.0,41.588027477264404,0.0016364891780540347,0.0040283203125,2.7012345790863037,-0.027176223695278168,0.515544593334198,-0.02701234444975853,-0.00016388017684221268,0.0,0.052741363644599915,1.043447732925415,0.2811493728516459,-3.28790545463562,0.6442649960517883,-3.235164165496826,1.2306978702545166,4.742103815078735,2.883641481399536,,,,,,
4147740000.0,82.45,-2.7799999713897705,6519754752.0,3608.9203367307964,9.0,-0.05082214996218681,163840.0,46.12788939476013,0.00016921039787121117,0.0,2.706131935119629,-0.02673724852502346,0.4642932116985321,-0.02706131897866726,0.0003240685909986496,0.0,0.0016815448179841042,0.9765958786010742,0.4646875734308171,-3.0498437881469727,0.9507963061332703,-3.0481624603271484,1.3347848653793335,4.5398619174957275,2.781399965286255,,,,,,
4345740000.0,86.05,-2.2899999618530273,6519754752.0,3553.277842899869,10.0,-0.05056421831250191,180224.0,50.73884320259094,2.7564641641220078e-05,0.0,2.706134080886841,-0.027022479102015495,0.5290910601615906,-0.0270613394677639,3.886222839355469e-05,0.0,0.042959656566381454,0.9745585918426514,0.5173794750264613,-2.861173152923584,1.2421557903289795,-2.81821346282959,1.4028300046920776,4.6109538078308105,2.7722368240356445,,,,,,
4543476000.0,76.76,-2.2699999809265137,6519754752.0,3568.1109769886243,11.0,-0.05075449496507645,196608.0,55.330628633499146,0.00016690169286448509,0.0,2.7051539421081543,-0.026915445923805237,0.34575194120407104,-0.027051536366343498,0.00013609044253826141,0.0,-0.034954674541950226,0.8010016083717346,0.5947358864494299,-2.47308349609375,1.0813416242599487,-2.50803804397583,1.2582417726516724,4.591785430908203,2.7925057411193848,,,,,,
4741476000.0,85.7,-2.369999885559082,6519754752.0,3506.1773241255,12.0,-0.05075862258672714,212992.0,60.0035240650177,0.0004931678413413465,0.00335693359375,2.701185703277588,-0.026806272566318512,0.2519906461238861,-0.02701185829937458,0.00020558014512062073,0.0,-0.1384420394897461,0.7264873385429382,0.583313394737889,-2.1669960021972656,0.9711994528770447,-2.3054380416870117,1.1254421472549438,4.672895431518555,2.7925713062286377,,,,,,
4940268000.0,78.65,-2.359999895095825,6519754752.0,3379.3398187121843,13.0,-0.05097724497318268,229376.0,64.85180830955505,0.0004102039383724332,0.0,2.701106548309326,-0.026434743776917458,0.18240654468536377,-0.027011068537831306,0.0005763261578977108,0.0,-0.14838024973869324,0.6292346119880676,0.6611001643641738,-2.0839245319366455,0.8693839907646179,-2.232304573059082,1.0808782577514648,4.8482842445373535,2.869900703430176,,,,,,
5136948000.0,79.58,-2.3499999046325684,6519754752.0,3520.7837070087235,14.0,-0.05082345008850098,245760.0,69.50531768798828,0.00039381973329000175,0.0,2.703324794769287,-0.027288682758808136,0.25282740592956543,-0.0270332470536232,-0.0002554357051849365,0.0,-0.04685090482234955,0.6154689788818359,0.7161851785279627,-2.2772276401519775,0.9667028188705444,-2.3240785598754883,1.1552835702896118,4.6535093784332275,2.7825558185577393,,,,,,
5334948000.0,77.24,-2.25,6519754752.0,3584.3413754388857,15.0,-0.05092475190758705,262144.0,74.07631087303162,0.0021273228339850903,0.0234375,2.6955482959747314,-0.02694183960556984,0.14998425543308258,-0.026955481618642807,1.3642944395542145e-05,0.0,-0.13030500710010529,0.5588424205780029,0.7473723899363938,-2.035092830657959,0.947662889957428,-2.1653976440429688,1.1118570566177368,4.570993185043335,2.7867071628570557,,,,,,
5532684000.0,84.56,-2.25,6519754752.0,3455.9429664487343,16.0,-0.05071277916431427,278528.0,78.81712985038757,0.00043090779217891395,0.0,2.7047030925750732,-0.02679697424173355,0.17451521754264832,-0.02704702690243721,0.0002500563859939575,0.0,-0.091637022793293,0.5660004019737244,0.7589841652256077,-2.201503276824951,0.965470552444458,-2.293140411376953,1.152906060218811,4.740818977355957,2.792632818222046,,,,,,
5730684000.0,80.63,-2.4700000286102295,6519754752.0,3522.430303505916,17.0,-0.051048532128334045,294912.0,83.46846389770508,0.00017915060743689537,0.0,2.703876495361328,-0.02712174877524376,0.15519113838672638,-0.02703876607120037,-8.298270404338837e-05,0.0,-0.05577463284134865,0.4644268751144409,0.8461793215414377,-2.1648483276367188,1.0538609027862549,-2.220623016357422,1.184159278869629,4.651334047317505,2.796550989151001,,,,,,
5928420000.0,85.61,-2.3399999141693115,6519754752.0,3638.6551136016155,18.0,-0.05072295665740967,311296.0,87.97122645378113,0.0016910361591726542,0.01416015625,2.698056221008301,-0.02713661454617977,0.19564060866832733,-0.026980562135577202,-0.0001560542732477188,0.0,-0.09561597555875778,0.5642809867858887,0.7629024357906329,-2.1255829334259033,1.0512337684631348,-2.2211990356445312,1.158862590789795,4.50276255607605,2.7937121391296387,,,,,,
6127212000.0,83.69,-2.7300000190734863,6519754752.0,3452.7993279249786,19.0,-0.05089497193694115,327680.0,92.71636176109314,0.0015558517770841718,0.0001220703125,2.6971802711486816,-0.026730790734291077,0.1692066788673401,-0.02697180211544037,0.00024100858718156815,0.0,-0.025069458410143852,0.5364828109741211,0.8111207800503264,-2.3632593154907227,1.06441068649292,-2.3883285522460938,1.234421968460083,4.745135307312012,2.7786755561828613,,,,,,
6324156000.0,80.44,-1.6699999570846558,6519754752.0,3472.52827380629,20.0,-0.050314657390117645,344064.0,97.43453788757324,0.0008225352503359318,0.0006103515625,2.6978840827941895,-0.02729388140141964,0.18838730454444885,-0.026978841051459312,-0.0003150422126054764,0.0,0.023863036185503006,0.5791087746620178,0.7980888806013227,-2.5121116638183594,1.1393870115280151,-2.488248825073242,1.2887839078903198,4.7181761264801025,2.774723768234253,,,,,,
6522156000.0,87.12,-2.5,6519754752.0,3467.7131214580813,21.0,-0.05048549547791481,360448.0,102.15926551818848,0.003173772944137454,0.0262451171875,2.671567916870117,-0.02701799012720585,0.19214372336864471,-0.026715677231550217,-0.0003023119643330574,0.0,0.09608350694179535,0.5948934555053711,0.829227154629102,-2.6799216270446777,1.3695104122161865,-2.5838382244110107,1.4395602941513062,4.724727630615234,2.8835644721984863,,,,,,
6719892000.0,79.06,-2.1600000858306885,6519754752.0,3562.24731079901,22.0,-0.05067484453320503,376832.0,106.75860929489136,0.001759577775374055,0.0113525390625,2.669811725616455,-0.026238374412059784,0.16153080761432648,-0.026698116213083267,0.0004597362130880356,0.0,0.12040241062641144,0.5685900449752808,0.829030099088976,-2.5790934562683105,1.352579951286316,-2.458691120147705,1.375116229057312,4.599343776702881,2.780008554458618,,,,,,
6917628000.0,75.49,-2.5899999141693115,6519754752.0,3403.487211022073,23.0,-0.05105701833963394,393216.0,111.57249546051025,0.004364504478871822,0.03460693359375,2.608194351196289,-0.026628222316503525,0.10677478462457657,-0.02608194202184677,-0.0005462784320116043,0.0,0.08833049237728119,0.4297831654548645,0.89061320951949,-2.4326248168945312,1.2276808023452759,-2.344294309616089,1.2994722127914429,4.8138861656188965,2.8191988468170166,,,,,,
7115628000.0,77.59,-2.25,6519754752.0,3552.4547424830657,24.0,-0.05110184848308563,409600.0,116.18451762199402,0.004412469919770956,0.045654296875,2.598611831665039,-0.026030145585536957,0.07766080647706985,-0.025986118242144585,-4.402920603752136e-05,0.0,0.07260949909687042,0.3748515248298645,0.9218641298291442,-2.3264026641845703,1.291370153427124,-2.2537930011749268,1.341016173362732,4.612022161483765,2.8210225105285645,,,,,,
7314420000.0,72.25,-1.7000000476837158,6519754752.0,3475.177487798732,25.0,-0.051212016493082047,425984.0,120.8990969657898,0.0031210219021886587,0.03302001953125,2.5865020751953125,-0.026134341955184937,0.049799758940935135,-0.025865018367767334,-0.00026932545006275177,0.0,0.08490557968616486,0.2950383722782135,0.9486943472502856,-2.21844482421875,1.3034826517105103,-2.1335391998291016,1.3025543689727783,4.714579343795776,2.7723984718322754,,,,,,
7511364000.0,75.04,-1.840000033378601,6519754752.0,3526.07221021913,26.0,-0.051243290305137634,442368.0,125.5456268787384,0.003175563644617796,0.0340576171875,2.5913102626800537,-0.025660725310444832,0.061344683170318604,-0.02591310255229473,0.00025237537920475006,0.0,0.07177014648914337,0.3418159484863281,0.9353114829235136,-2.2058517932891846,1.373310923576355,-2.1340818405151367,1.343936562538147,4.646529912948608,2.7757301330566406,,,,,,
7709364000.0,72.75,-1.6299999952316284,6519754752.0,3470.514829746013,27.0,-0.05150996521115303,458752.0,130.26654028892517,0.0036321307998150587,0.0323486328125,2.623962879180908,-0.025281397625803947,0.043394383043050766,-0.026239626109600067,0.0009582312777638435,0.0,0.08170972764492035,0.2878888249397278,0.9524006692284983,-2.1776397228240967,1.3482242822647095,-2.0959300994873047,1.3195455074310303,4.720913410186768,2.769235372543335,,,,,,
7907100000.0,72.98,-1.8600000143051147,6519754752.0,3535.958545407132,28.0,-0.05178416147828102,475136.0,134.90007877349854,0.0013889960246160626,0.00146484375,2.6108012199401855,-0.025212615728378296,0.06069958955049515,-0.02610800974071026,0.0008953940123319626,0.0,0.08074639737606049,0.34150537848472595,0.936374181622176,-2.255744218826294,1.3975154161453247,-2.1749978065490723,1.3538821935653687,4.633538484573364,2.8097071647644043,,,,,,
8105100000.0,71.08,-1.6299999952316284,6519754752.0,3462.5475038732257,29.0,-0.05208370089530945,491520.0,139.63185501098633,0.004756029229611158,0.04815673828125,2.5771141052246094,-0.026615913957357407,0.0371602363884449,-0.025771137326955795,-0.0008447747677564621,0.0,0.04235266149044037,0.26566705107688904,0.9548650600172398,-2.0720300674438477,1.2578949928283691,-2.029677391052246,1.2504929304122925,4.731776237487793,2.7881643772125244,,,,,,
8302836000.0,71.66,-1.75,6519754752.0,3495.446410664977,30.0,-0.05221213400363922,507904.0,144.31909608840942,0.002433810383081436,0.02197265625,2.588568687438965,-0.02556988038122654,0.03954992815852165,-0.0258856862783432,0.0003158038016408682,0.0,0.0317087322473526,0.27334123849868774,0.9535439012654425,-2.069279193878174,1.2765295505523682,-2.0375707149505615,1.268188714981079,4.687241077423096,2.7778234481811523,,,,,,
8501628000.0,71.84,-1.9500000476837158,6519754752.0,3597.401095373001,31.0,-0.052479516714811325,524288.0,148.8734951019287,0.006343626417219639,0.06829833984375,2.481407642364502,-0.02328750118613243,0.027867460623383522,-0.024814076721668243,0.001526575069874525,0.0,0.041030243039131165,0.22970426082611084,0.9662031397180803,-2.0620219707489014,1.2529666423797607,-2.020991802215576,1.249484658241272,4.554399013519287,2.776182174682617,,,,,,
,,,,,,,,,,,,,,,,,,,,,,,,,,0.004948806948959827,0.46146318316459656,0.3273063600063324,0.004948806948959827,0.46146318316459656,0.3273063600063324
,,,,,,,,,,,,,,,,,,,,,,,,,,0.001805305713787675,0.30721762776374817,0.3080349266529083,0.001805305713787675,0.30721762776374817,0.3080349266529083
,,,,,,,,,,,,,,,,,,,,,,,,,,0.0014507618034258485,0.29287731647491455,0.2973322868347168,0.0014507618034258485,0.29287731647491455,0.2973322868347168
,,,,,,,,,,,,,,,,,,,,,,,,,,0.0014093798818066716,0.28744053840637207,0.2944256365299225,0.0014093798818066716,0.28744053840637207,0.2944256365299225
,,,,,,,,,,,,,,,,,,,,,,,,,,0.0011604800820350647,0.2799680829048157,0.28715282678604126,0.0011604800820350647,0.2799680829048157,0.28715282678604126
,,,,,,,,,,,,,,,,,,,,,,,,,,0.0010987445712089539,0.2747998833656311,0.2780154347419739,0.0010987445712089539,0.2747998833656311,0.2780154347419739
8513676000.0,73.68,-1.690000057220459,6327188480.0,28.042735487380398,32.0,-0.05250772088766098,540672.0,733.1246287822723,0.007616803050041199,0.0887451171875,2.539428234100342,-0.026418639346957207,0.029643656685948372,-0.02539427950978279,-0.001024358905851841,0.0,0.07666626572608948,0.258945107460022,0.9599028503621817,-2.373842716217041,1.1408140659332275,-2.2971765995025635,1.2931561470031738,584.2511336803436,2.891899824142456,,,,,,
8513676000.0,73.27,-2.390000104904175,6529777152.0,3484.833467151214,33.0,-0.05294841527938843,557056.0,737.826144695282,0.004550949204713106,0.05108642578125,2.4974842071533203,-0.022816739976406097,0.027219191193580627,-0.02497483789920807,0.0021580997854471207,0.0,0.06296007335186005,0.2557486295700073,0.9660364404701459,-2.322765588760376,1.3136482238769531,-2.259805679321289,1.3877356052398682,4.7015159130096436,2.766964912414551,,,,,,
8513676000.0,72.69,-1.7699999809265137,6529777152.0,3569.102428098814,34.0,-0.05291207879781723,573440.0,742.416654586792,0.003801286919042468,0.03582763671875,2.496783971786499,-0.023948606103658676,0.02588958665728569,-0.02496783807873726,0.0010192333720624447,0.0,0.05537652596831322,0.23727330565452576,0.9691362268303721,-2.15718150138855,1.3687150478363037,-2.1018049716949463,1.350592851638794,4.59050989151001,2.8021957874298096,,,,,,
8513676000.0,74.12,-1.559999942779541,6529777152.0,3659.1347696966595,35.0,-0.05295255035161972,589824.0,746.8942158222198,0.0031516323797404766,0.032958984375,2.550604820251465,-0.024255231022834778,0.028217071667313576,-0.025506043806672096,0.0012508167419582605,0.0,0.020125020295381546,0.24231946468353271,0.9655948600653153,-2.061683177947998,1.3341360092163086,-2.041558027267456,1.3064014911651611,4.4775612354278564,2.751081943511963,,,,,,
8513676000.0,73.92,-2.0399999618530273,6529777152.0,3503.7982612625638,36.0,-0.05318436771631241,606208.0,751.5702841281891,0.0030847329180687666,0.02447509765625,2.522831439971924,-0.024790404364466667,0.02577817626297474,-0.025228314101696014,0.0004379069432616234,0.0,0.006992102600634098,0.229356586933136,0.9664599209483774,-2.049802303314209,1.2712149620056152,-2.0428104400634766,1.252360224723816,4.676068305969238,2.783965587615967,,,,,,
8513676000.0,71.62,-1.5099999904632568,6529777152.0,3563.5644096354704,37.0,-0.053203050047159195,622592.0,756.167927980423,0.003473165212199092,0.03466796875,2.4796547889709473,-0.0247345007956028,0.020808959379792213,-0.02479654550552368,6.204633973538876e-05,0.0,-0.014391453936696053,0.20575490593910217,0.9710893319177548,-1.9512274265289307,1.2059738636016846,-1.9656188488006592,1.210099458694458,4.597643852233887,2.7846181392669678,,,,,,
8513676000.0,73.47,-1.6200000047683716,6529777152.0,3641.866002900796,38.0,-0.05359452962875366,638976.0,760.6667206287384,0.0035419834312051535,0.0244140625,2.56274676322937,-0.024368664249777794,0.020747050642967224,-0.025627465918660164,0.00125880166888237,0.0,-0.028812864795327187,0.20451758801937103,0.9732492840767011,-2.019263744354248,1.1994861364364624,-2.048076629638672,1.250440239906311,4.49879264831543,2.770972728729248,,,,,,
8513676000.0,75.88,-1.340000033378601,6529777152.0,3556.420186171113,39.0,-0.05341949686408043,655360.0,765.2736003398895,0.0007307869382202625,0.0001220703125,2.5569639205932617,-0.025730080902576447,0.0210332702845335,-0.02556963823735714,-0.00016044359654188156,0.0,-0.009884368628263474,0.20580773055553436,0.9728839757620356,-2.0655570030212402,1.2237683534622192,-2.075441360473633,1.2498234510421753,4.606879711151123,2.7630906105041504,,,,,,
8513676000.0,73.63,-2.0,6529777152.0,3622.23991787278,40.0,-0.053837113082408905,671744.0,769.7967684268951,0.001978181302547455,0.01220703125,2.5371479988098145,-0.02550685591995716,0.025419902056455612,-0.025371477007865906,-0.00013537518680095673,0.0,-0.014798805117607117,0.22577105462551117,0.9693460750801132,-2.089265823364258,1.2638801336288452,-2.104064464569092,1.2895114421844482,4.523168087005615,2.764092445373535,,,,,,
8513676000.0,72.1,-1.6299999952316284,6529777152.0,3580.9015152873144,41.0,-0.05384603142738342,688128.0,774.3721525669098,0.004026917740702629,0.03338623046875,2.454425096511841,-0.024273287504911423,0.019676577299833298,-0.02454425022006035,0.0002709650434553623,0.0,-0.0018425704911351204,0.19809824228286743,0.9751858510730603,-2.030182361602783,1.2437219619750977,-2.03202486038208,1.257566213607788,4.575384140014648,2.7569074630737305,,,,,,
8513676000.0,70.53,-1.2200000286102295,6529777152.0,3557.260777360575,42.0,-0.05401263386011124,704512.0,778.9779436588287,0.0018187565729022026,0.00579833984375,2.5308403968811035,-0.02425387129187584,0.017242753878235817,-0.025308402255177498,0.0010545309633016586,0.0,-0.0033570597879588604,0.18635764718055725,0.9769692406866888,-1.9798977375030518,1.2220301628112793,-1.9832549095153809,1.22798490524292,4.605791091918945,2.7588279247283936,,,,,,
8513676000.0,73.99,-1.899999976158142,6529777152.0,3459.8450376371775,43.0,-0.05420909821987152,720896.0,783.7134158611298,0.0005303017678670585,0.0001220703125,2.5429182052612305,-0.02543504908680916,0.01898593083024025,-0.025429178029298782,-5.8710575103759766e-06,0.0,-0.01152215339243412,0.19479042291641235,0.9751973981764637,-2.0169830322265625,1.2205007076263428,-2.028505325317383,1.2368555068969727,4.735472202301025,2.763054847717285,,,,,,
8513676000.0,72.94,-1.6399999856948853,6529777152.0,3646.101007847931,44.0,-0.054219916462898254,737280.0,788.206983089447,0.0007888620020821691,6.103515625e-05,2.5175299644470215,-0.02464478835463524,0.01745644211769104,-0.025175297632813454,0.0005305120721459389,0.0,0.0021450400818139315,0.18645641207695007,0.9774932235443076,-2.0209574699401855,1.2290973663330078,-2.018812417984009,1.242855429649353,4.493567228317261,2.7683656215667725,,,,,,
8513676000.0,74.66,-1.1399999856948853,6529777152.0,3470.118413945862,45.0,-0.054068729281425476,753664.0,792.9284358024597,0.005037940572947264,0.04302978515625,2.479940891265869,-0.02477145567536354,0.02623608522117138,-0.0247994102537632,2.7954112738370895e-05,0.0,-0.01722327619791031,0.22611820697784424,0.9673509126084716,-2.018734931945801,1.2252209186553955,-2.0359582901000977,1.2514110803604126,4.721452713012695,2.760296106338501,,,,,,
8513676000.0,71.23,-1.600000023841858,6529777152.0,3641.7934345468498,46.0,-0.054556749761104584,770048.0,797.4273180961609,0.0031917111482471228,0.01690673828125,2.501713275909424,-0.02382674068212509,0.019112369045615196,-0.025017132982611656,0.0011903929989784956,0.0,-0.004155211616307497,0.1952172964811325,0.9760920599710661,-2.0309669971466064,1.2529165744781494,-2.0351223945617676,1.2625459432601929,4.498882293701172,2.7704875469207764,,,,,,
8513676000.0,74.96,-1.1100000143051147,6529777152.0,3495.8443665911127,47.0,-0.05434122309088707,786432.0,802.114025592804,0.0018375429790467024,0.008544921875,2.4985573291778564,-0.026118874549865723,0.021524973213672638,-0.024985574185848236,-0.0011332947760820389,0.0,-0.004388032015413046,0.20741260051727295,0.9750606490714315,-2.1220052242279053,1.2855185270309448,-2.1263933181762695,1.3133867979049683,4.686707496643066,2.779386520385742,,,,,,
8513676000.0,74.7,-1.3799999952316284,6529777152.0,3571.7303052813154,48.0,-0.0545930489897728,802816.0,806.7011580467224,0.001585759106092155,0.00347900390625,2.446959972381592,-0.025211120024323463,0.01892993412911892,-0.02446959726512432,-0.000741525087505579,0.0,0.009840692393481731,0.19461745023727417,0.9768201566040046,-2.095017910003662,1.2741223573684692,-2.085177183151245,1.278281569480896,4.587132453918457,2.7698092460632324,,,,,,
8513676000.0,72.89,-1.2899999618530273,6529777152.0,3508.120796668036,49.0,-0.05453765392303467,819200.0,811.3714647293091,0.0040749600157141685,0.0328369140625,2.3782739639282227,-0.023891761898994446,0.019365621730685234,-0.02378273755311966,-0.00010902900248765945,0.0,0.006508003920316696,0.19637547433376312,0.9767359543742742,-2.086602210998535,1.277000904083252,-2.080094337463379,1.2874926328659058,4.67030668258667,2.772581100463867,,,,,,
8513676000.0,75.5,-0.9900000095367432,6529777152.0,3519.3370780348264,50.0,-0.05488959327340126,835584.0,816.0268869400024,0.002177294110879302,0.01751708984375,2.379448413848877,-0.023771319538354874,0.020016243681311607,-0.02379448153078556,2.316385507583618e-05,0.0,0.01633034460246563,0.19973088800907135,0.9768731645563131,-2.1366701126098633,1.3128808736801147,-2.1203396320343018,1.3133701086044312,4.655422210693359,2.7650320529937744,,,,,,
8513676000.0,73.42,-1.2599999904632568,6529777152.0,3605.0293446482033,51.0,-0.05487880855798721,851968.0,820.5716488361359,0.0011065071448683739,0.00274658203125,2.3650009632110596,-0.02406894415616989,0.01838696375489235,-0.02365000918507576,-0.00041893101297318935,0.0,0.0032551572658121586,0.18934518098831177,0.9774968958072189,-2.0594849586486816,1.2662609815597534,-2.056229829788208,1.262214183807373,4.544761896133423,2.7700467109680176,,,,,,
8513676000.0,72.04,-1.3799999952316284,6529777152.0,3627.2405908625674,52.0,-0.05497042089700699,868352.0,825.0885810852051,0.0015093720285221934,0.005126953125,2.3992490768432617,-0.023814037442207336,0.018435038626194,-0.023992490023374557,0.00017845258116722107,0.0,0.015850543975830078,0.19037577509880066,0.9781859443275108,-2.1174983978271484,1.2866545915603638,-2.1016478538513184,1.288972020149231,4.516932249069214,2.7730937004089355,,,,,,
8513676000.0,71.76,-0.9800000190734863,6529777152.0,3483.6811077298057,53.0,-0.054956916719675064,884736.0,829.7916522026062,0.004768668208271265,0.05328369140625,2.2862677574157715,-0.02356714941561222,0.0179479718208313,-0.02286267653107643,-0.000704469159245491,0.0,0.000639850040897727,0.1882096529006958,0.9787357281542319,-2.0992867946624756,1.2772436141967773,-2.098647117614746,1.2906743288040161,4.703071117401123,2.818208932876587,,,,,,
8513676000.0,76.62,-0.8100000023841858,6529777152.0,3556.0359220319733,54.0,-0.05498521402478218,901120.0,834.3990297317505,0.0035855898167937994,0.03082275390625,2.3661279678344727,-0.022678907960653305,0.019124988466501236,-0.023661278188228607,0.0009823739528656006,0.0,-0.004234352149069309,0.1938008964061737,0.9783088011404112,-2.1249141693115234,1.2925692796707153,-2.129148483276367,1.315873146057129,4.607377529144287,2.82147479057312,,,,,,
8513676000.0,75.53,-0.9300000071525574,6529777152.0,3646.789640406397,55.0,-0.05527856945991516,917504.0,838.8917484283447,0.00519437063485384,0.04425048828125,2.281327247619629,-0.021895505487918854,0.017374860122799873,-0.02281327173113823,0.0009177629835903645,0.0,-0.020489534363150597,0.18404977023601532,0.9790644631981114,-2.056920289993286,1.2567944526672363,-2.0774097442626953,1.2720178365707397,4.492718696594238,2.7708959579467773,,,,,,
8513676000.0,73.5,-0.9800000190734863,6529777152.0,3561.9797613527953,56.0,-0.05517351254820824,933888.0,843.4914376735687,0.002675078809261322,0.03192138671875,2.3468778133392334,-0.022914016619324684,0.019004713743925095,-0.023468777537345886,0.0005547609180212021,0.0,-0.0037840723525732756,0.19201527535915375,0.9781934575274632,-2.1223273277282715,1.286805272102356,-2.1261115074157715,1.300296425819397,4.599689245223999,2.8737967014312744,,,,,,
8513676000.0,70.36,-1.25,6529777152.0,3498.5159314780503,57.0,-0.055367887020111084,950272.0,848.1745662689209,0.002085077343508601,0.008544921875,2.3087565898895264,-0.022707542404532433,0.014884098432958126,-0.02308756858110428,0.0003800217527896166,0.0,0.011481322348117828,0.1724972128868103,0.9811434956044081,-2.0739998817443848,1.2532563209533691,-2.06251859664917,1.2561787366867065,4.683128595352173,2.766575813293457,,,,,,
8513676000.0,71.63,-1.3200000524520874,6529777152.0,3507.3558947046176,58.0,-0.05558040738105774,966656.0,852.8458914756775,0.0016506881220266223,0.0145263671875,2.3455677032470703,-0.0235719233751297,0.016601452603936195,-0.023455675691366196,-0.00011624861508607864,0.0,0.004098038654774427,0.18113848567008972,0.980055190956535,-2.0743396282196045,1.2687028646469116,-2.0702414512634277,1.2826131582260132,4.671325206756592,2.771324396133423,,,,,,
8513676000.0,76.71,-1.0199999809265137,6529777152.0,3470.3761965932586,59.0,-0.0554397813975811,983040.0,857.5669934749603,0.0012159461621195078,0.00018310546875,2.344545841217041,-0.023493902757763863,0.019859228283166885,-0.023445457220077515,-4.844646900892258e-05,0.0,-0.003643367439508438,0.19856669008731842,0.9779966687782418,-2.190598249435425,1.3083428144454956,-2.194241762161255,1.3386353254318237,4.721101999282837,2.766515016555786,,,,,,
8513676000.0,74.09,-1.350000023841858,6529777152.0,3416.310408168186,60.0,-0.055609121918678284,999424.0,862.3628106117249,0.0010615014471113682,0.0015869140625,2.366511821746826,-0.0235917791724205,0.02034234255552292,-0.02366511896252632,7.333792746067047e-05,0.0,-0.00618661567568779,0.19720008969306946,0.9776325921168108,-2.1162021160125732,1.3130230903625488,-2.1223888397216797,1.3185580968856812,4.795817136764526,2.9385316371917725,,,,,,
8513676000.0,72.08,-1.4900000095367432,6529777152.0,3502.856503157157,61.0,-0.055704060941934586,1015808.0,867.0401360988617,0.0007614478236064315,0.00274658203125,2.391178607940674,-0.02421231009066105,0.017949651926755905,-0.023911787196993828,-0.00030052405782043934,0.0,-0.023311208933591843,0.18297900259494781,0.9789651276836132,-2.0339672565460205,1.247382402420044,-2.0572781562805176,1.2616275548934937,4.677325487136841,2.760073184967041,,,,,,
8513676000.0,74.01,-2.059999942779541,6529777152.0,3562.27039320725,62.0,-0.05618610978126526,1032192.0,871.6394500732422,0.002338155172765255,0.01397705078125,2.4530727863311768,-0.02482607215642929,0.016475850716233253,-0.02453072927892208,-0.0002953428775072098,0.0,-0.007007181644439697,0.1802106350660324,0.9798807786344843,-2.0981802940368652,1.255796194076538,-2.10518741607666,1.2705005407333374,4.599313974380493,2.770606756210327,,,,,,
8513996000.0,75.08,-1.850000023841858,6529777152.0,3551.909770053958,63.0,-0.056185416877269745,1048576.0,876.2521798610687,0.002024468732997775,0.0123291015625,2.443222999572754,-0.024690639227628708,0.019330855458974838,-0.0244322307407856,-0.00025841034948825836,0.0,-0.009910107590258121,0.19958367943763733,0.9778317657535214,-2.162935972213745,1.2946630716323853,-2.1728460788726807,1.3404772281646729,4.612729787826538,2.7814269065856934,,,,,,
,,,,,,,,,,,,,,,,,,,,,,,,,,0.0016631826292723417,0.04233836755156517,0.01942882500588894,0.0016631826292723417,0.04233836755156517,0.01942882500588894
,,,,,,,,,,,,,,,,,,,,,,,,,,0.0007514384924434125,0.017175743356347084,0.014739974401891232,0.0007514384924434125,0.017175743356347084,0.014739974401891232
,,,,,,,,,,,,,,,,,,,,,,,,,,0.0005901768454350531,0.012275242246687412,0.011539795435965061,0.0005901768454350531,0.012275242246687412,0.011539795435965061
,,,,,,,,,,,,,,,,,,,,,,,,,,0.000529082550201565,0.01011747308075428,0.009899575263261795,0.000529082550201565,0.01011747308075428,0.009899575263261795
,,,,,,,,,,,,,,,,,,,,,,,,,,0.0005479805404320359,0.009144875220954418,0.00897996872663498,0.0005479805404320359,0.009144875220954418,0.00897996872663498
,,,,,,,,,,,,,,,,,,,,,,,,,,0.0004271828511264175,0.007923340424895287,0.007853006944060326,0.0004271828511264175,0.007923340424895287,0.007853006944060326
8514788000.0,71.18,-1.2999999523162842,6327188480.0,28.075452006851226,64.0,-0.05605342984199524,1064960.0,1459.8224816322327,0.002956637879833579,0.0245361328125,2.459510564804077,-0.023389505222439766,0.003916243556886911,-0.024595102295279503,0.0012055980041623116,0.0,-0.027950067073106766,0.08942963927984238,0.9946725219017408,-1.9917328357696533,1.2169073820114136,-2.0196828842163086,1.225238561630249,583.5703017711639,2.7911176681518555,,,,,,
8514788000.0,73.83,-1.25,6529777152.0,3438.8793459594012,65.0,-0.056115053594112396,1081344.0,1464.5868244171143,0.0037612388841807842,0.04290771484375,2.3660902976989746,-0.023007899522781372,0.003747547511011362,-0.023660900071263313,0.0006530005484819412,0.0,-0.022257231175899506,0.08582668751478195,0.9955282141544884,-2.070887565612793,1.2646660804748535,-2.0931448936462402,1.2834584712982178,4.764342784881592,2.77894926071167,,,,,,
8514788000.0,75.03,-1.309999942779541,6529777152.0,3618.2117660909375,66.0,-0.05593177676200867,1097728.0,1469.115028142929,0.0026665672194212675,0.02581787109375,2.4710729122161865,-0.023267975077033043,0.0035722474567592144,-0.024710729718208313,0.0014427532441914082,0.0,-0.009743370115756989,0.08523418009281158,0.9956145629632709,-2.120055913925171,1.2720261812210083,-2.1297993659973145,1.2870856523513794,4.528203725814819,2.7760770320892334,,,,,,
8514788000.0,71.44,-1.2899999618530273,6529777152.0,3468.7145127789436,67.0,-0.05604134500026703,1114112.0,1473.8383917808533,0.004825332202017307,0.03594970703125,2.3909049034118652,-0.023198604583740234,0.0033841505646705627,-0.023909050971269608,0.0007104417309165001,0.0,-0.006852992810308933,0.08399508893489838,0.9955744530389209,-2.0508649349212646,1.258689522743225,-2.05771803855896,1.2626135349273682,4.723363637924194,2.8771798610687256,,,,,,
8514788000.0,75.56,-1.2400000095367432,6529777152.0,3541.7934153889414,68.0,-0.05630936846137047,1130496.0,1478.4642968177795,0.004214176442474127,0.0543212890625,2.4750282764434814,-0.024546537548303604,0.0033602064941078424,-0.024750281125307083,0.00020373938605189323,0.0,-0.004323939792811871,0.0842115581035614,0.9957940077247456,-2.1000397205352783,1.2866182327270508,-2.104363441467285,1.298486351966858,4.6259050369262695,2.76031756401062,,,,,,
8514788000.0,76.91,-1.7100000381469727,6529777152.0,3655.9418011342977,69.0,-0.05641082674264908,1146880.0,1482.9457685947418,0.004352782852947712,0.03790283203125,2.4238638877868652,-0.024964429438114166,0.00396479619666934,-0.024238640442490578,-0.0007257852703332901,0.0,-0.0029832678847014904,0.09211383014917374,0.9953019690751346,-2.1856982707977295,1.3288480043411255,-2.1886816024780273,1.3438999652862549,4.48147177696228,2.765812397003174,,,,,,
8514788000.0,70.12,-1.3799999952316284,6529777152.0,3653.803168358504,70.0,-0.05631662532687187,1163264.0,1487.4298634529114,0.0012850931379944086,0.00384521484375,2.428567409515381,-0.02479972317814827,0.0031201194506138563,-0.02428567036986351,-0.0005140537396073341,0.0,0.005314317066222429,0.07868935167789459,0.9962509350929584,-2.0905873775482178,1.2845932245254517,-2.085272789001465,1.2851518392562866,4.484094858169556,2.765169143676758,,,,,,
8514788000.0,74.75,-1.1100000143051147,6529777152.0,3589.969341156726,71.0,-0.056363534182310104,1179648.0,1491.9936907291412,0.0016073205042630434,0.0062255859375,2.3976383209228516,-0.023692691698670387,0.00353065924718976,-0.023976383730769157,0.000283694826066494,0.0,-0.0026630505453795195,0.08444029092788696,0.9961722786809459,-2.163607597351074,1.3565219640731812,-2.1662707328796387,1.364833116531372,4.563827276229858,2.762373685836792,,,,,,
8514788000.0,73.54,-1.3600000143051147,6529777152.0,3472.3714075121125,72.0,-0.056547652930021286,1196032.0,1496.712080001831,0.0006471934029832482,0.00115966796875,2.4060490131378174,-0.02407454140484333,0.0030538681894540787,-0.024060487747192383,-1.4054239727556705e-05,0.0,-0.002450843807309866,0.0790819600224495,0.9962957118909862,-2.125945568084717,1.2943583726882935,-2.128396511077881,1.2993465662002563,4.718389272689819,2.7636399269104004,,,,,,
8514788000.0,72.23,-1.2899999618530273,6529777152.0,3479.0347192791983,73.0,-0.05663841590285301,1212416.0,1501.4214322566986,0.001382898772135377,0.00537109375,2.4378364086151123,-0.024779831990599632,0.002813881728798151,-0.02437836304306984,-0.00040146964602172375,0.0,0.0011343865189701319,0.07534763962030411,0.996630070532752,-2.1141610145568848,1.29949152469635,-2.1130266189575195,1.2979538440704346,4.709352254867554,2.7603132724761963,,,,,,
8514788000.0,74.24,-1.559999942779541,6529777152.0,3454.561971126137,74.0,-0.0566335991024971,1228800.0,1506.1641464233398,0.0020626697223633528,0.01336669921875,2.4372434616088867,-0.02450297586619854,0.0031584009993821383,-0.024372434243559837,-0.0001305416226387024,0.0,-0.003887038677930832,0.07868678122758865,0.996439434606173,-2.1226119995117188,1.3150506019592285,-2.1264991760253906,1.318688988685608,4.742714166641235,2.7605037689208984,,,,,,
8514788000.0,73.61,-1.7200000286102295,6529777152.0,3527.465171842298,75.0,-0.05650709196925163,1245184.0,1510.8088414669037,0.0008591458899900317,0.00213623046875,2.4286675453186035,-0.023818299174308777,0.002900672610849142,-0.024286676198244095,0.000468377023935318,0.0,-0.007823659107089043,0.07522838562726974,0.9966835089622929,-2.127159595489502,1.3039097785949707,-2.1349830627441406,1.3062978982925415,4.644695043563843,2.7638626098632812,,,,,,
8514788000.0,71.86,-1.3300000429153442,6529777152.0,3622.1805395603687,76.0,-0.05674874037504196,1261568.0,1515.3320837020874,0.000853245030157268,0.00372314453125,2.4233150482177734,-0.02388424053788185,0.0025968558620661497,-0.024233151227235794,0.00034891534596681595,0.0,-0.006424080580472946,0.07275959104299545,0.996766307627481,-2.0821280479431152,1.2736270427703857,-2.088552236557007,1.2795016765594482,4.523242235183716,2.7700507640838623,,,,,,
8514788000.0,74.9,-1.6799999475479126,6529777152.0,3580.930438072751,77.0,-0.05689103901386261,1277952.0,1519.9074308872223,0.0015353162307292223,0.00872802734375,2.412353038787842,-0.024159740656614304,0.0025374118704348803,-0.024123530834913254,-3.6209821701049805e-05,0.0,-0.0007037700852379203,0.07133705168962479,0.997171415987019,-2.1903724670410156,1.3403104543685913,-2.1910762786865234,1.341314435005188,4.575347185134888,2.7582948207855225,,,,,,
8514788000.0,72.48,-0.9300000071525574,6529777152.0,3505.6500334753355,78.0,-0.056846119463443756,1294336.0,1524.581029176712,0.00171118532307446,0.0152587890625,2.4101195335388184,-0.02320544607937336,0.00241201464086771,-0.024101197719573975,0.000895750243216753,0.0,0.0009868580382317305,0.06939302384853363,0.9972508766529384,-2.1689510345458984,1.3189976215362549,-2.167964458465576,1.3234845399856567,4.673598289489746,2.767531633377075,,,,,,
8514788000.0,73.69,-0.949999988079071,6529777152.0,3525.527343335366,79.0,-0.05655853450298309,1310720.0,1529.228277206421,0.004982887301594019,0.0384521484375,2.3241360187530518,-0.024002188816666603,0.002632811665534973,-0.023241357877850533,-0.0007608300074934959,0.0,-0.002831887686625123,0.072351835668087,0.9969943613551818,-2.1128768920898438,1.3166496753692627,-2.115708827972412,1.3197181224822998,4.647248029708862,2.7692861557006836,,,,,,
8514788000.0,77.44,-0.699999988079071,6529777152.0,3454.621017396653,80.0,-0.05658082664012909,1327104.0,1533.9709103107452,0.0016329896170645952,0.0069580078125,2.3439178466796875,-0.02314581908285618,0.0025355934631079435,-0.023439178243279457,0.0002933577634394169,0.0,-0.0022826427593827248,0.07175778597593307,0.9970767306728848,-2.180650234222412,1.3262602090835571,-2.1829328536987305,1.3271945714950562,4.742633104324341,2.782710075378418,,,,,,
8514788000.0,74.8,-0.7699999809265137,6529777152.0,3606.2662363114205,81.0,-0.05656331032514572,1343488.0,1538.5141134262085,0.002448845887556672,0.0257568359375,2.316077470779419,-0.02354201301932335,0.002603312721475959,-0.023160774260759354,-0.00038123875856399536,0.0,-0.0014469247544184327,0.07307321578264236,0.9969740407787522,-2.1590161323547363,1.3198747634887695,-2.1604628562927246,1.3283932209014893,4.543203115463257,2.7633819580078125,,,,,,
8514788000.0,70.81,-1.440000057220459,6529777152.0,3506.6727426323973,82.0,-0.05701509863138199,1359872.0,1543.1863486766815,0.0018214534502476454,0.00860595703125,2.317655324935913,-0.022538814693689346,0.0027017805259674788,-0.02317655272781849,0.0006377380341291428,0.0,-0.005951324477791786,0.0738903060555458,0.9967009587883999,-2.102969169616699,1.2840588092803955,-2.1089205741882324,1.286452054977417,4.6722352504730225,2.7653419971466064,,,,,,
8514788000.0,70.55,-1.2799999713897705,6529777152.0,3582.3859506010654,83.0,-0.057174090296030045,1376256.0,1547.7598369121552,0.001990704331547022,0.0107421875,2.2549352645874023,-0.02158946357667446,0.002453209599480033,-0.022549353539943695,0.0009598941542208195,0.0,-0.005857950542122126,0.06984055042266846,0.9970864163294346,-2.0953941345214844,1.290115237236023,-2.1012520790100098,1.293879747390747,4.573488235473633,2.758009433746338,,,,,,
8514788000.0,71.97,-0.949999988079071,6529777152.0,3528.0687802040566,84.0,-0.05686447396874428,1392640.0,1552.4037373065948,0.0031433729454874992,0.0247802734375,2.2928640842437744,-0.021657422184944153,0.0021414989605545998,-0.022928640246391296,0.0012712175957858562,0.0,-0.003215736011043191,0.06513780355453491,0.9974259107075794,-2.114842414855957,1.2805722951889038,-2.1180579662323,1.2838704586029053,4.643900394439697,2.764862537384033,,,,,,
8514788000.0,74.2,-0.9800000190734863,6529777152.0,3515.1790821926434,85.0,-0.056998204439878464,1409024.0,1557.0646662712097,0.0029398968908935785,0.0218505859375,2.237170696258545,-0.02254188060760498,0.0022999129723757505,-0.022371705621480942,-0.00017017405480146408,0.0,-0.0020140635315328836,0.06798887252807617,0.9974340673253672,-2.1815342903137207,1.3386456966400146,-2.1835484504699707,1.3421937227249146,4.660928964614868,2.7679758071899414,,,,,,
8514788000.0,75.57,-1.1799999475479126,6529777152.0,3586.1684903540363,86.0,-0.057180605828762054,1425408.0,1561.6333305835724,0.0020260768942534924,0.01068115234375,2.273904800415039,-0.02206200733780861,0.00244978629052639,-0.022739049047231674,0.0006770405452698469,0.0,-0.0034795119427144527,0.06980614364147186,0.9971692065311748,-2.1494228839874268,1.3059513568878174,-2.152902364730835,1.3120173215866089,4.568664312362671,2.7679953575134277,,,,,,
8514788000.0,74.74,-1.4199999570846558,6529777152.0,3496.433820785643,87.0,-0.057213179767131805,1441792.0,1566.3192479610443,0.004220415838062763,0.0323486328125,2.2317428588867188,-0.021950656548142433,0.0022104925010353327,-0.02231742814183235,0.00036677345633506775,0.0,-0.007244211155921221,0.06649365276098251,0.9973775532797168,-2.1536853313446045,1.2924914360046387,-2.1609296798706055,1.298454761505127,4.685917377471924,2.782700300216675,,,,,,
8514788000.0,71.61,-1.0499999523162842,6529777152.0,3463.768326168087,88.0,-0.0571192130446434,1458176.0,1571.0493564605713,0.002829453209415078,0.019775390625,2.2915053367614746,-0.022194916382431984,0.0025069431867450476,-0.022915050387382507,0.0007201367989182472,0.0,-0.005091669503599405,0.0717749074101448,0.9971268774764062,-2.108248472213745,1.331318736076355,-2.113339900970459,1.3390458822250366,4.7301084995269775,2.770329475402832,,,,,,
8514788000.0,77.27,-1.2000000476837158,6529777152.0,3557.156556352218,89.0,-0.057214878499507904,1474560.0,1575.655282497406,0.0033336421474814415,0.0228271484375,2.2469282150268555,-0.02262471243739128,0.0026479321531951427,-0.022469282150268555,-0.0001554322661831975,0.0,-1.6871490515768528e-05,0.07418838888406754,0.9972247855082571,-2.270195722579956,1.4029470682144165,-2.2702126502990723,1.408275842666626,4.605926036834717,2.7743401527404785,,,,,,
8514788000.0,72.41,-1.0800000429153442,6529777152.0,3483.751043739152,90.0,-0.05708833038806915,1490944.0,1580.3582592010498,0.0033687313552945852,0.0240478515625,2.277160167694092,-0.021740898489952087,0.0023081665858626366,-0.022771602496504784,0.0010307012125849724,0.0,3.781274426728487e-05,0.06814128905534744,0.9973964166630086,-2.1762213706970215,1.3367669582366943,-2.1761837005615234,1.335440754890442,4.702976703643799,2.768639326095581,,,,,,
8514788000.0,72.22,-0.9599999785423279,6529777152.0,3529.3503894564064,91.0,-0.05739276856184006,1507328.0,1585.0004732608795,0.002289733150973916,0.0157470703125,2.258432626724243,-0.021392155438661575,0.002051824703812599,-0.022584326565265656,0.0011921694967895746,0.0,-0.00102097331546247,0.06404249370098114,0.9976371407738542,-2.1275219917297363,1.3145390748977661,-2.128542900085449,1.3174960613250732,4.642214059829712,2.7891838550567627,,,,,,
8514788000.0,74.62,-1.2300000190734863,6529777152.0,3461.7477604885535,92.0,-0.05729731172323227,1523712.0,1589.7333426475525,0.0023018934298306704,0.01617431640625,2.3197009563446045,-0.021833647042512894,0.002077621640637517,-0.023197010159492493,0.00136336509604007,0.0,-0.0027848980389535427,0.06453258544206619,0.997666438044211,-2.201859474182129,1.3321166038513184,-2.2046444416046143,1.335886001586914,4.732869386672974,2.802518844604492,,,,,,
8514788000.0,70.49,-1.1299999952316284,6529777152.0,3557.3451161452,93.0,-0.057533904910087585,1540096.0,1594.3390245437622,0.003020195523276925,0.0235595703125,2.2526652812957764,-0.022042986005544662,0.0019615422934293747,-0.022526653483510017,0.00048366328701376915,0.0,-0.0025398903526365757,0.06284526735544205,0.9976040255244365,-2.0797600746154785,1.2819443941116333,-2.0823001861572266,1.2839009761810303,4.605681896209717,2.8460099697113037,,,,,,
8514788000.0,74.07,-0.9200000166893005,6529777152.0,3607.9075906606563,94.0,-0.05728590488433838,1556480.0,1598.8801608085632,0.0018718000501394272,0.01116943359375,2.2781341075897217,-0.02224566414952278,0.0021734992042183876,-0.022781342267990112,0.0005356734618544579,0.0,-0.0003542874474078417,0.06609249860048294,0.9974811931176438,-2.181885242462158,1.3130722045898438,-2.182239532470703,1.3169059753417969,4.541136264801025,2.773472547531128,,,,,,
8515016000.0,71.87,-0.7099999785423279,6529777152.0,3521.0597166949765,95.0,-0.057360924780368805,1572864.0,1603.5333054065704,0.0012483021710067987,0.0040283203125,2.2534737586975098,-0.02167680487036705,0.0021271456498652697,-0.02253473736345768,0.0008579306304454803,0.0,-0.0002964205341413617,0.06526082754135132,0.9975978328683882,-2.150573968887329,1.3273440599441528,-2.1508703231811523,1.331529974937439,4.653144598007202,2.758793592453003,,,,,,
,,,,,,,,,,,,,,,,,,,,,,,,,,0.0031295628286898136,0.013027410954236984,0.003281231503933668,0.0031295628286898136,0.013027410954236984,0.003281231503933668
,,,,,,,,,,,,,,,,,,,,,,,,,,0.0009740551467984915,0.003270419081673026,0.0028922760393470526,0.0009740551467984915,0.003270419081673026,0.0028922760393470526
,,,,,,,,,,,,,,,,,,,,,,,,,,0.0007582966354675591,0.0029559433460235596,0.002969002118334174,0.0007582966354675591,0.0029559433460235596,0.002969002118334174
,,,,,,,,,,,,,,,,,,,,,,,,,,0.0006150664994493127,0.0024593279231339693,0.002610224299132824,0.0006150664994493127,0.0024593279231339693,0.002610224299132824
,,,,,,,,,,,,,,,,,,,,,,,,,,0.000619781028944999,0.0029161456041038036,0.003080629510805011,0.000619781028944999,0.0029161456041038036,0.003080629510805011
,,,,,,,,,,,,,,,,,,,,,,,,,,0.0005384613759815693,0.0025262765120714903,0.0025946772657334805,0.0005384613759815693,0.0025262765120714903,0.0025946772657334805
8515280000.0,72.2,-1.5099999904632568,6327188480.0,28.05993885242792,96.0,-0.0575382299721241,1589248.0,2187.4262385368347,0.004130672197788954,0.037353515625,2.278388261795044,-0.022017164155840874,0.0014241902390494943,-0.022783882915973663,0.0007667206227779388,0.0,-0.002770357532426715,0.05464189127087593,0.9983499496222843,-2.1705923080444336,1.3384311199188232,-2.1733627319335938,1.3451699018478394,583.8929331302643,2.831820487976074,,,,,,
8515280000.0,76.36,-0.6800000071525574,6529777152.0,3566.9691746010967,97.0,-0.05721503496170044,1605632.0,2192.019493818283,0.0033571687527000904,0.03533935546875,2.329357385635376,-0.02213122695684433,0.0011762785725295544,-0.023293573409318924,0.0011623473837971687,0.0,-0.0016648531891405582,0.04860179126262665,0.9986654667634149,-2.180701494216919,1.328440546989441,-2.182366371154785,1.330416202545166,4.593255281448364,2.795948028564453,,,,,,
8515280000.0,69.06,-1.149999976158142,6529777152.0,3520.100363374245,98.0,-0.05750341713428497,1622016.0,2196.6739065647125,0.0026817317120730877,0.01763916015625,2.3182082176208496,-0.021593598648905754,0.001087188022211194,-0.023182082921266556,0.0015884824097156525,0.0,-0.002113606547936797,0.048101987689733505,0.9985729264198191,-2.073040008544922,1.2687007188796997,-2.075153350830078,1.2733262777328491,4.654412746429443,2.7650222778320312,,,,,,
8515280000.0,72.98,-0.8199999928474426,6529777152.0,3468.425465987418,99.0,-0.057590797543525696,1638400.0,2201.397663831711,0.0018760201055556536,0.0152587890625,2.3216280937194824,-0.02149401418864727,0.0010829104576259851,-0.023216281086206436,0.0017222678288817406,0.0,-0.003595848800614476,0.04730330780148506,0.9987820361745647,-2.2080936431884766,1.3561527729034424,-2.2116894721984863,1.3554211854934692,4.723757266998291,2.7574877738952637,,,,,,
8515280000.0,72.75,-0.8999999761581421,6529777152.0,3481.158402575834,100.0,-0.057659704238176346,1654784.0,2206.1041431427,0.00382981332950294,0.033203125,2.3285231590270996,-0.0232702549546957,0.0009339686948806047,-0.02328523062169552,1.4975666999816895e-05,0.0,0.0010113334283232689,0.043789733201265335,0.9989019970500014,-2.146322250366211,1.3221765756607056,-2.145310878753662,1.3215103149414062,4.70647931098938,2.7671897411346436,,,,,,
8515280000.0,75.71,-1.2000000476837158,6529777152.0,3601.256190610198,101.0,-0.05779189616441727,1671168.0,2210.6536667346954,0.0031637740321457386,0.028076171875,2.3468825817108154,-0.022540776059031487,0.0010238786926493049,-0.023468825966119766,0.0009280480444431305,0.0,-0.0038447631523013115,0.045530740171670914,0.99885605639036,-2.20174503326416,1.3442455530166626,-2.205589771270752,1.346177577972412,4.549523591995239,2.755053758621216,,,,,,
8515280000.0,71.57,-1.0800000429153442,6529777152.0,3622.269130425822,102.0,-0.057862408459186554,1687552.0,2215.1767983436584,0.002468308201059699,0.019287109375,2.3731982707977295,-0.02377738617360592,0.00101548433303833,-0.023731980472803116,-4.540383815765381e-05,0.0,-0.0013072416186332703,0.045577168464660645,0.9988395289617172,-2.1760332584381104,1.3334603309631348,-2.177340507507324,1.3379201889038086,4.523131608963013,2.7654409408569336,,,,,,
8515280000.0,72.31,-1.5800000429153442,6529777152.0,3553.7668139260522,103.0,-0.05797095596790314,1703936.0,2219.7871177196503,0.003835095092654228,0.0418701171875,2.3279874324798584,-0.021715005859732628,0.0010717087425291538,-0.02327987365424633,0.0015648677945137024,0.0,-0.001194761716760695,0.046248991042375565,0.9988650582755104,-2.2135283946990967,1.3681492805480957,-2.2147231101989746,1.3728259801864624,4.610319375991821,2.763174533843994,,,,,,
8515280000.0,76.58,-0.44999998807907104,6529777152.0,3490.4914740845797,104.0,-0.05743717402219772,1720320.0,2224.481012582779,0.004280641209334135,0.05126953125,2.316394329071045,-0.02188122272491455,0.0010555913904681802,-0.023163942620158195,0.001282721757888794,0.0,0.0031005223281681538,0.04638204723596573,0.9988275311459529,-2.2160210609436035,1.3598544597625732,-2.212920665740967,1.3545629978179932,4.693894863128662,2.763110637664795,,,,,,
8515280000.0,73.88,-0.8999999761581421,6529777152.0,3582.169705018172,105.0,-0.05780694633722305,1736704.0,2229.054776906967,0.003133782185614109,0.02947998046875,2.368058919906616,-0.024278640747070312,0.0009081924799829721,-0.023680590093135834,-0.0005980522837489843,0.0,-9.395263623446226e-05,0.04272298514842987,0.9989495392498504,-2.1520261764526367,1.317850947380066,-2.1521201133728027,1.3181709051132202,4.573764324188232,2.7571516036987305,,,,,,
8515280000.0,70.53,-1.159999966621399,6529777152.0,3563.386091726467,106.0,-0.05778774991631508,1753088.0,2233.65265083313,0.0033882996067404747,0.03118896484375,2.317692756652832,-0.023268241435289383,0.0009450566140003502,-0.023176925256848335,-9.131338447332382e-05,0.0,-0.001036832225508988,0.04355636239051819,0.9988903886793382,-2.1552882194519043,1.3056493997573853,-2.156324863433838,1.3075733184814453,4.59787392616272,2.7665915489196777,,,,,,
8515280000.0,77.27,-0.5799999833106995,6529777152.0,3458.1702756225973,107.0,-0.05759672075510025,1769472.0,2238.3904163837433,0.0023947840090841055,0.02020263671875,2.3048384189605713,-0.022886941209435463,0.000838632695376873,-0.023048382252454758,0.00016144197434186935,0.0,-0.0015834030928090215,0.04135732352733612,0.9991209530864867,-2.248991012573242,1.3917769193649292,-2.2505745887756348,1.3949110507965088,4.737765550613403,2.7620441913604736,,,,,,
8515280000.0,72.7,-1.25,6529777152.0,3530.714015587358,108.0,-0.05799514055252075,1785856.0,2243.030837535858,0.001727981143631041,0.01116943359375,2.3184337615966797,-0.02268623374402523,0.0009894587565213442,-0.023184336721897125,0.0004981004167348146,0.0,-0.003518299199640751,0.044069524854421616,0.9989088860493384,-2.1639387607574463,1.331498384475708,-2.167457103729248,1.3341460227966309,4.640421152114868,2.766641139984131,,,,,,
8515280000.0,72.66,-1.4600000381469727,6529777152.0,3507.79184077934,109.0,-0.05800129473209381,1802240.0,2247.7015821933746,0.004432473331689835,0.05218505859375,2.3422136306762695,-0.02437548339366913,0.0009581750491634011,-0.023422136902809143,-0.0009533446282148361,0.0,-0.0014760908670723438,0.04344102367758751,0.9989400609765248,-2.189460277557373,1.3341869115829468,-2.19093656539917,1.3343188762664795,4.6707446575164795,2.7619900703430176,,,,,,
8515280000.0,73.43,-1.4600000381469727,6529777152.0,3449.853806110816,110.0,-0.05799603462219238,1818624.0,2252.4507689476013,0.005246730521321297,0.0557861328125,2.386077404022217,-0.021945584565401077,0.0008138482226058841,-0.02386077493429184,0.0019151894375681877,0.0,-0.0026042310055345297,0.040208254009485245,0.999094354913048,-2.1513571739196777,1.334272027015686,-2.153961181640625,1.336091160774231,4.749186754226685,2.7658309936523438,,,,,,
8515280000.0,69.17,-1.2400000095367432,6529777152.0,3544.4673232130594,111.0,-0.05785524845123291,1835008.0,2257.0731842517853,0.004611542448401451,0.0408935546875,2.342810869216919,-0.021077515557408333,0.0008922083070501685,-0.023428108543157578,0.0023505929857492447,0.0,2.4560955353081226e-05,0.04215244576334953,0.999001965471969,-2.182157278060913,1.3323615789413452,-2.1821327209472656,1.334289312362671,4.62241530418396,2.7615981101989746,,,,,,
8515280000.0,73.92,-0.7900000214576721,6529777152.0,3621.697184704537,112.0,-0.057802267372608185,1851392.0,2261.5970301628113,0.005584596190601587,0.06256103515625,2.3853039741516113,-0.0217589158564806,0.0009001447469927371,-0.023853037506341934,0.002094120718538761,0.0,0.0032078311778604984,0.04239152744412422,0.9990444094915113,-2.233349323272705,1.3719323873519897,-2.2301416397094727,1.3713340759277344,4.523845911026001,2.751288652420044,,,,,,
8515280000.0,71.91,-1.0199999809265137,6529777152.0,3687.026612840962,113.0,-0.05797169357538223,1867776.0,2266.040719270706,0.0031960229389369488,0.0335693359375,2.3785362243652344,-0.02343861758708954,0.0010821647010743618,-0.023785363882780075,0.0003467437345534563,0.0,0.0012263801181688905,0.04678449407219887,0.9988314613760774,-2.200086832046509,1.3658021688461304,-2.1988606452941895,1.3686121702194214,4.4436891078948975,2.7658348083496094,,,,,,
8515280000.0,74.67,-1.1399999856948853,6529777152.0,3570.8333202647736,114.0,-0.05789913237094879,1884160.0,2270.6290040016174,0.00441199354827404,0.04302978515625,2.378122329711914,-0.023860549554228783,0.001024793484248221,-0.023781223222613335,-7.932353764772415e-05,0.0,-0.00012972485274076462,0.04547293856739998,0.9988506142109732,-2.1806955337524414,1.3438365459442139,-2.1808252334594727,1.341282606124878,4.588284730911255,2.7639496326446533,,,,,,
8515280000.0,72.34,-0.6000000238418579,6529777152.0,3534.365809543858,115.0,-0.05778608098626137,1900544.0,2275.2646305561066,0.0021445942111313343,0.01611328125,2.3711800575256348,-0.0236626248806715,0.0009443470044061542,-0.023711802437901497,4.917895421385765e-05,0.0,-0.000756395747885108,0.04364876076579094,0.9989628206759419,-2.1983649730682373,1.3559857606887817,-2.1991214752197266,1.3553296327590942,4.635626554489136,2.7687084674835205,,,,,,
8515280000.0,72.93,-1.190000057220459,6529777152.0,3467.589934789436,116.0,-0.058171696960926056,1916928.0,2279.9895260334015,0.00286802276968956,0.02978515625,2.3632442951202393,-0.023384930565953255,0.001082757138647139,-0.023632444441318512,0.000247512711212039,0.0,-0.005842589773237705,0.04619421437382698,0.9987919637712259,-2.1421055793762207,1.3256129026412964,-2.1479482650756836,1.3290692567825317,4.724895477294922,2.77441143989563,,,,,,
8515280000.0,74.39,-0.6700000166893005,6529777152.0,3535.1543599454494,117.0,-0.057910408824682236,1933312.0,2284.624118566513,0.0026798651088029146,0.0211181640625,2.3605029582977295,-0.022641349583864212,0.0008423605468124151,-0.02360503189265728,0.0009636813774704933,0.0,-0.0006357345846481621,0.04087730124592781,0.9990966755303584,-2.2151317596435547,1.3581106662750244,-2.2157673835754395,1.3600668907165527,4.634592533111572,2.7655487060546875,,,,,,
8515280000.0,72.55,-0.5899999737739563,6529777152.0,3546.20715425907,118.0,-0.05806072801351547,1949696.0,2289.2442660331726,0.0014941354747861624,0.007080078125,2.3935773372650146,-0.023970959708094597,0.0008890671888366342,-0.023935770615935326,-3.5188160836696625e-05,0.0,-0.0016049188561737537,0.04169554263353348,0.9990423179039299,-2.2149555683135986,1.3459413051605225,-2.2165603637695312,1.347345232963562,4.620147466659546,2.7695462703704834,,,,,,
8515280000.0,73.43,-0.9399999976158142,6529777152.0,3557.203878561974,119.0,-0.05805957689881325,1966080.0,2293.8501307964325,0.0016911401180550456,0.0048828125,2.4054229259490967,-0.022746983915567398,0.0008864207193255424,-0.024054229259490967,0.001307245809584856,0.0,-0.0030023143626749516,0.041959259659051895,0.9989960872005235,-2.161388874053955,1.3252760171890259,-2.164391040802002,1.3242796659469604,4.605864763259888,2.765035629272461,,,,,,
8515280000.0,72.96,-1.0099999904632568,6529777152.0,3487.7358476757327,120.0,-0.05805375427007675,1982464.0,2298.547734260559,0.00145880994386971,0.01153564453125,2.3949666023254395,-0.024265799671411514,0.0009191397111862898,-0.02394966222345829,-0.00031613558530807495,0.0,-0.00019030546536669135,0.04282613843679428,0.9989162949782129,-2.141468048095703,1.2984074354171753,-2.141658306121826,1.3009282350540161,4.697603464126587,2.76332950592041,,,,,,
8515280000.0,72.02,-0.8899999856948853,6529777152.0,3570.2932679508876,121.0,-0.05798821151256561,1998848.0,2303.136713027954,0.001186223467811942,0.0037841796875,2.383293867111206,-0.02353251352906227,0.0008339531486853957,-0.023832939565181732,0.00030042603611946106,0.0,-0.0010121319210156798,0.04048321023583412,0.9991066826369133,-2.208073377609253,1.3534985780715942,-2.209085464477539,1.3544784784317017,4.5889787673950195,2.7706894874572754,,,,,,
8515280000.0,72.88,-0.7300000190734863,6529777152.0,3507.4819230089606,122.0,-0.05796647444367409,2015232.0,2307.807870388031,0.0014790559653192759,0.00738525390625,2.4052627086639404,-0.023184020072221756,0.0008984567830339074,-0.02405262552201748,0.0008686026558279991,0.0,0.0017903195694088936,0.041975151747465134,0.9990551213403717,-2.201997995376587,1.366647481918335,-2.2002077102661133,1.3655396699905396,4.671157360076904,2.770094633102417,,,,,,
8515280000.0,72.72,-1.1399999856948853,6529777152.0,3482.787375022629,123.0,-0.05832085758447647,2031616.0,2312.5121483802795,0.001830841414630413,0.009521484375,2.396892786026001,-0.02391601726412773,0.0009514414123259485,-0.023968925699591637,5.2910298109054565e-05,0.0,-0.0004306333139538765,0.04379579797387123,0.9989684541701287,-2.215825080871582,1.3599587678909302,-2.2162556648254395,1.3636037111282349,4.704277992248535,2.799661159515381,,,,,,
8515280000.0,75.34,-0.6499999761581421,6529777152.0,3596.5032184814363,124.0,-0.05801508203148842,2048000.0,2317.0676844120026,0.002531248377636075,0.01776123046875,2.4001305103302,-0.024440031498670578,0.000817882246337831,-0.02400130219757557,-0.00043872976675629616,0.0,0.004066525958478451,0.040557634085416794,0.9990690414213305,-2.189464569091797,1.3303840160369873,-2.1853981018066406,1.3292526006698608,4.5555360317230225,2.820868730545044,,,,,,
8515280000.0,73.64,-0.8799999952316284,6529777152.0,3574.74582728998,125.0,-0.058412596583366394,2064384.0,2321.650947332382,0.003300831187516451,0.03302001953125,2.3735015392303467,-0.02418651431798935,0.0007753906538709998,-0.023735016584396362,-0.00045149947982281446,0.0,-0.0015642887447029352,0.03918740898370743,0.9991660415328101,-2.2111411094665527,1.3567668199539185,-2.212705373764038,1.356982707977295,4.583262920379639,2.7698395252227783,,,,,,
8515280000.0,73.7,-1.2599999904632568,6529777152.0,3517.7544155653422,126.0,-0.05833128094673157,2080768.0,2326.308464050293,0.0026451253797858953,0.01861572265625,2.3767409324645996,-0.02321670576930046,0.0008756234892643988,-0.02376740798354149,0.0005507015157490969,0.0,3.6996148992329836e-05,0.04169093817472458,0.9990622072544966,-2.219592809677124,1.362154483795166,-2.2195558547973633,1.3614076375961304,4.657516717910767,2.784637928009033,,,,,,
8515280000.0,71.62,-0.6600000262260437,6529777152.0,3628.372842225035,127.0,-0.058169715106487274,2097152.0,2330.8239867687225,0.0027698478661477566,0.021728515625,2.380157947540283,-0.023671675473451614,0.0008591961232014,-0.02380158007144928,0.0001299036666750908,0.0,-0.0043113334104418755,0.04129969701170921,0.9990295926452253,-2.188549041748047,1.3221534490585327,-2.1928603649139404,1.3257750272750854,4.515522718429565,2.770070791244507,,,,,,
,,,,,,,,,,,,,,,,,,,,,,,,,,0.004336258862167597,0.009281029924750328,0.0013081408105790615,0.004336258862167597,0.009281029924750328,0.0013081408105790615
,,,,,,,,,,,,,,,,,,,,,,,,,,0.001153139746747911,0.0017240893794223666,0.0013293009251356125,0.001153139746747911,0.0017240893794223666,0.0013293009251356125
,,,,,,,,,,,,,,,,,,,,,,,,,,0.0008636044804006815,0.0015731384046375751,0.0014801120851188898,0.0008636044804006815,0.0015731384046375751,0.0014801120851188898
,,,,,,,,,,,,,,,,,,,,,,,,,,0.0007248192559927702,0.0015100075397640467,0.0015274548204615712,0.0007248192559927702,0.0015100075397640467,0.0015274548204615712
,,,,,,,,,,,,,,,,,,,,,,,,,,0.0006712452741339803,0.0016435310244560242,0.0014287838712334633,0.0006712452741339803,0.0016435310244560242,0.0014287838712334633
,,,,,,,,,,,,,,,,,,,,,,,,,,0.0006151011912152171,0.0016164685366675258,0.0012696943012997508,0.0006151011912152171,0.0016164685366675258,0.0012696943012997508
8515280000.0,73.14,-0.7900000214576721,6327188480.0,28.115736333017647,128.0,-0.05816494673490524,2113536.0,2913.5581469535828,0.0025245652068406343,0.01751708984375,2.382802724838257,-0.021940071135759354,0.0009341472177766263,-0.02382802776992321,0.0018879566341638565,0.0,0.004133130423724651,0.04580778256058693,0.9988614879700564,-2.1950602531433105,1.3664392232894897,-2.190927028656006,1.357595443725586,582.7341601848602,2.8083581924438477,,,,,,
8515280000.0,74.3,-0.4399999976158142,6529777152.0,3503.2406107389825,129.0,-0.058221444487571716,2129920.0,2918.234959602356,0.004094807431101799,0.0421142578125,2.41396427154541,-0.022157104685902596,0.000860805157572031,-0.024139638990163803,0.001982533372938633,0.0,0.0003869212814606726,0.042117103934288025,0.9990409871518399,-2.2435367107391357,1.3607527017593384,-2.243149757385254,1.3600229024887085,4.676812648773193,2.823103427886963,,,,,,
8515280000.0,70.69,-1.0299999713897705,6529777152.0,3483.55166287885,130.0,-0.05818750709295273,2146304.0,2922.9382054805756,0.0037877035792917013,0.04425048828125,2.3899550437927246,-0.023188237100839615,0.0006788698956370354,-0.02389955148100853,0.0007113125175237656,0.0,-0.0019303206354379654,0.03708875551819801,0.9991853670367141,-2.128734588623047,1.2994349002838135,-2.130664825439453,1.2994554042816162,4.7032458782196045,2.7780020236968994,,,,,,
8515280000.0,74.52,-0.6399999856948853,6529777152.0,3570.972858788721,131.0,-0.05826639384031296,2162688.0,2927.5263109207153,0.0037558756303042173,0.04119873046875,2.364044189453125,-0.023428700864315033,0.0006658452330157161,-0.02364043891429901,0.00021173665300011635,0.0,-0.0019101434154435992,0.03713201358914375,0.9992833994853497,-2.24564790725708,1.3856871128082275,-2.2475576400756836,1.3871064186096191,4.5881054401397705,2.7765719890594482,,,,,,
8515280000.0,71.28,-0.6700000166893005,6529777152.0,3655.198185961113,132.0,-0.05807528644800186,2179072.0,2932.008694410324,0.0034425731282681227,0.03851318359375,2.3607773780822754,-0.022585414350032806,0.0006447844789363444,-0.0236077718436718,0.0010223612189292908,0.0,0.0016440402250736952,0.03622731938958168,0.9992654404727995,-2.184953212738037,1.3371387720108032,-2.1833090782165527,1.3366649150848389,4.482383489608765,2.756361246109009,,,,,,
8515280000.0,73.98,-0.1899999976158142,6529777152.0,3628.924668664034,133.0,-0.05787799507379532,2195456.0,2936.523530483246,0.003253611735999584,0.03155517578125,2.3411784172058105,-0.02267182059586048,0.0006320563843473792,-0.023411782458424568,0.0007399618625640869,0.0,0.0005962427239865065,0.03571178391575813,0.9992708310623988,-2.17846417427063,1.3208247423171997,-2.177867889404297,1.322505235671997,4.514836072921753,2.759476661682129,,,,,,
8515280000.0,76.44,-0.7699999809265137,6529777152.0,3500.330742820969,134.0,-0.05814960598945618,2211840.0,2941.2042310237885,0.004881710279732943,0.052978515625,2.3435912132263184,-0.022517580538988113,0.00087869877461344,-0.023435911163687706,0.0009183287620544434,0.0,-0.001034292858093977,0.041966512799263,0.9990784803658305,-2.2628469467163086,1.3829450607299805,-2.263881206512451,1.3824535608291626,4.6807005405426025,2.7567191123962402,,,,,,
8515280000.0,75.42,-0.18000000715255737,6529777152.0,3515.108238280526,135.0,-0.05812647193670273,2228224.0,2945.8652539253235,0.0036996454000473022,0.03924560546875,2.3534114360809326,-0.022610951215028763,0.000705979997292161,-0.02353411354124546,0.0009231632575392723,0.0,0.0018150556134060025,0.036722876131534576,0.999259382314696,-2.206160306930542,1.348331093788147,-2.204345226287842,1.349396824836731,4.661022901535034,2.764072895050049,,,,,,
8515280000.0,72.64,-0.7400000095367432,6529777152.0,3509.8394612130674,136.0,-0.05807627737522125,2244608.0,2950.5332736968994,0.004620279185473919,0.04925537109375,2.3189587593078613,-0.020010586827993393,0.0006848459015600383,-0.023189587518572807,0.0031790006905794144,0.0,0.0008006542921066284,0.037190087139606476,0.999273521791329,-2.2022347450256348,1.380422830581665,-2.2014341354370117,1.3797990083694458,4.668019771575928,2.766962766647339,,,,,,
8515280000.0,71.92,-0.5899999737739563,6529777152.0,3595.30405014713,137.0,-0.05805164575576782,2260992.0,2955.090329170227,0.0059532420709729195,0.07171630859375,2.314267873764038,-0.02137603610754013,0.00046414032112807035,-0.023142678663134575,0.0017666416242718697,0.0,-0.002650035545229912,0.030505912378430367,0.9994633224894625,-2.1886398792266846,1.3162459135055542,-2.1912899017333984,1.3168225288391113,4.557055473327637,2.7583982944488525,,,,,,
8515280000.0,76.97,-0.6100000143051147,6529777152.0,3634.5600173986318,138.0,-0.058170005679130554,2277376.0,2959.598165035248,0.005202812142670155,0.0670166015625,2.3498988151550293,-0.022959524765610695,0.0005987475742585957,-0.023498989641666412,0.0005394658073782921,0.0,-0.003413023892790079,0.034837208688259125,0.9993608145595517,-2.2510037422180176,1.377556324005127,-2.2544169425964355,1.377939224243164,4.507835865020752,2.7665696144104004,,,,,,
8515280000.0,76.59,-0.09000000357627869,6529777152.0,3531.632518093202,139.0,-0.057962775230407715,2293760.0,2964.2373793125153,0.004141361452639103,0.05078125,2.2813799381256104,-0.023011434823274612,0.0006473932298831642,-0.02281379885971546,-0.00019763933960348368,0.0,-5.648972000926733e-05,0.03577882796525955,0.9993391231077497,-2.264899730682373,1.3899301290512085,-2.264955997467041,1.3917646408081055,4.639214277267456,2.7547006607055664,,,,,,
8515280000.0,74.03,-0.5799999833106995,6529777152.0,3586.181403503901,140.0,-0.058230817317962646,2310144.0,2968.806027173996,0.00468487711623311,0.051513671875,2.3683128356933594,-0.02116621844470501,0.000501528091263026,-0.023683127015829086,0.002516909036785364,0.0,-0.001956488937139511,0.03160286322236061,0.9994711818057608,-2.2119803428649902,1.3715565204620361,-2.2139365673065186,1.3742735385894775,4.568647861480713,2.762739658355713,,,,,,
8515280000.0,72.66,-0.5,6529777152.0,3445.018906189145,141.0,-0.05826667323708534,2326528.0,2973.56187915802,0.005852334201335907,0.05841064453125,2.309112548828125,-0.022863563150167465,0.0005476301303133368,-0.02309112623333931,0.0002275649458169937,0.0,-0.0005592699162662029,0.03320927172899246,0.9993852092774858,-2.183978796005249,1.3400070667266846,-2.1845381259918213,1.339355230331421,4.755851984024048,2.750041961669922,,,,,,
8515280000.0,73.69,-0.49000000953674316,6529777152.0,3471.4578640763357,142.0,-0.05835222080349922,2342912.0,2978.28151011467,0.0038736420683562756,0.03790283203125,2.314143419265747,-0.02198810689151287,0.000605522480327636,-0.02314143255352974,0.0011533256620168686,0.0,1.682806760072708e-05,0.03485795855522156,0.9993420074024512,-2.2068629264831543,1.3584052324295044,-2.206846237182617,1.3589123487472534,4.71963095664978,2.747727155685425,,,,,,
8515280000.0,69.07,-0.03999999910593033,6529777152.0,3638.9845999138433,143.0,-0.05798930674791336,2359296.0,2982.7838649749756,0.005163869820535183,0.0638427734375,2.303147315979004,-0.02233840897679329,0.0005717140156775713,-0.02303147315979004,0.0006930634845048189,0.0,0.0004456964088603854,0.034055810421705246,0.9993391183548589,-2.169131278991699,1.3254554271697998,-2.1686854362487793,1.3247358798980713,4.502354860305786,2.7588143348693848,,,,,,
8515280000.0,73.43,-0.3799999952316284,6529777152.0,3558.6186020954065,144.0,-0.05820637196302414,2375680.0,2987.387898683548,0.005582000128924847,0.06903076171875,2.33073091506958,-0.020187417045235634,0.0005304110236465931,-0.0233073141425848,0.0031198926735669374,0.0,-0.0015636415919288993,0.03250667452812195,0.9994046939904966,-2.186898708343506,1.3301360607147217,-2.188462495803833,1.332301378250122,4.604033708572388,2.757927417755127,,,,,,
8515280000.0,70.7,-0.36000001430511475,6529777152.0,3548.3669402868086,145.0,-0.05831770598888397,2392064.0,2992.005234003067,0.003630393883213401,0.03668212890625,2.299412250518799,-0.023475171998143196,0.0005384865216910839,-0.02299412339925766,-0.0004810476675629616,0.0,-0.0042153457179665565,0.03274901583790779,0.9993714102092254,-2.1213929653167725,1.304706335067749,-2.125608205795288,1.306214690208435,4.617335319519043,2.7557969093322754,,,,,,
8515280000.0,73.62,-0.9700000286102295,6529777152.0,3569.4018248861607,146.0,-0.058512426912784576,2408448.0,2996.595358848572,0.00428343378007412,0.0465087890625,2.3239243030548096,-0.021800726652145386,0.0005981101421639323,-0.023239243775606155,0.0014385143294930458,0.0,-0.005438962019979954,0.034511178731918335,0.9993966223227241,-2.2787022590637207,1.398709774017334,-2.2841410636901855,1.4049640893936157,4.590124845504761,2.768221139907837,,,,,,
8515280000.0,72.0,-0.41999998688697815,6529777152.0,3498.955918064134,147.0,-0.05837850645184517,2424832.0,3001.2778985500336,0.0028248003218322992,0.027099609375,2.3366682529449463,-0.023736542090773582,0.0006177259492687881,-0.02336668223142624,-0.00036985334008932114,0.0,-0.0034090192057192326,0.03468357399106026,0.9993252287184009,-2.187657356262207,1.333696961402893,-2.1910665035247803,1.3351978063583374,4.682539701461792,2.757526159286499,,,,,,
8515280000.0,72.07,-0.8100000023841858,6529777152.0,3553.3618091878784,148.0,-0.05850938335061073,2441216.0,3005.8887434005737,0.003107397584244609,0.02685546875,2.3517818450927734,-0.023692868649959564,0.0005245993961580098,-0.02351781539618969,-0.00017505278810858727,0.0,0.002089383080601692,0.0323084332048893,0.9994348470684035,-2.1990838050842285,1.358171820640564,-2.1969943046569824,1.3590421676635742,4.610844850540161,2.7599520683288574,,,,,,
8515280000.0,72.79,-0.4399999976158142,6529777152.0,3552.233281360677,149.0,-0.05845222994685173,2457600.0,3010.501053094864,0.002866347786039114,0.02813720703125,2.3215086460113525,-0.022190339863300323,0.0005823176470585167,-0.02321508713066578,0.001024744939059019,0.0,0.0017980779521167278,0.034187547862529755,0.9993661134582016,-2.198462963104248,1.3577992916107178,-2.196664810180664,1.3578823804855347,4.612309694290161,2.7801434993743896,,,,,,
8515280000.0,74.68,-0.550000011920929,6529777152.0,3482.9058185598024,150.0,-0.05838940292596817,2473984.0,3015.205171108246,0.002212772611528635,0.0172119140625,2.3217504024505615,-0.02257191762328148,0.0005210804520174861,-0.023217501118779182,0.0006455839611589909,0.0,0.0029195756651461124,0.0323859341442585,0.9994623183162904,-2.2462515830993652,1.3996505737304688,-2.2433319091796875,1.3966699838638306,4.704118013381958,2.7918665409088135,,,,,,
8515280000.0,71.62,0.0,6529777152.0,3520.4893443679043,151.0,-0.05808866769075394,2490368.0,3019.8590695858,0.002841486595571041,0.0220947265625,2.3106400966644287,-0.021414611488580704,0.0005188323557376862,-0.023106398060917854,0.0016917868051677942,0.0,-0.00044945470290258527,0.032349299639463425,0.9994283286268514,-2.2028932571411133,1.351730227470398,-2.2033426761627197,1.3529809713363647,4.653898477554321,2.7616331577301025,,,,,,
8515280000.0,72.44,-0.2800000011920929,6529777152.0,3644.815766260725,152.0,-0.05831451341509819,2506752.0,3024.354221343994,0.0022125784307718277,0.017822265625,2.326124668121338,-0.021941736340522766,0.0005912460619583726,-0.023261243477463722,0.0013195113278925419,0.0,0.0006053629331290722,0.034590862691402435,0.9993541096243909,-2.2002885341644287,1.3611363172531128,-2.19968318939209,1.361074686050415,4.49515175819397,2.772143602371216,,,,,,
8515280000.0,73.06,-0.6600000262260437,6529777152.0,3583.457853323448,153.0,-0.05839933454990387,2523136.0,3028.926341533661,0.00384457316249609,0.04052734375,2.332156181335449,-0.02248028665781021,0.0005484820576384664,-0.02332155779004097,0.0008412720635533333,0.0,-0.0047758836299180984,0.03314908593893051,0.9994016659296864,-2.230337142944336,1.352221965789795,-2.2351129055023193,1.3551884889602661,4.572120189666748,2.767672538757324,,,,,,
8515280000.0,75.55,-0.5,6529777152.0,3398.139965862081,154.0,-0.058339327573776245,2539520.0,3033.747802734375,0.004586361348628998,0.0457763671875,2.3353447914123535,-0.021636810153722763,0.0005180101143196225,-0.023353446274995804,0.0017166342586278915,0.0,-0.00042168633081018925,0.0322420671582222,0.9994481166346947,-2.2438478469848633,1.3717955350875854,-2.244269609451294,1.372458577156067,4.821461200714111,2.9088449478149414,,,,,,
8515280000.0,71.76,-0.20000000298023224,6529777152.0,3494.2566398500426,155.0,-0.05826183408498764,2555904.0,3038.4366397857666,0.0029915475752204657,0.02813720703125,2.3541245460510254,-0.02221524342894554,0.0006292152684181929,-0.023541245609521866,0.0013260003179311752,0.0,-0.0009202249930240214,0.035333942621946335,0.9993309350842685,-2.209489107131958,1.3663448095321655,-2.21040940284729,1.3660229444503784,4.688837051391602,2.824650764465332,,,,,,
8515280000.0,74.83,-0.6399999856948853,6529777152.0,3606.630768521032,156.0,-0.058547474443912506,2572288.0,3042.9793837070465,0.003923317417502403,0.04150390625,2.3241188526153564,-0.023093702271580696,0.0005499225808307528,-0.023241190239787102,0.00014748331159353256,0.0,-0.0008391900919377804,0.03330427408218384,0.9994163719619779,-2.276242733001709,1.3788467645645142,-2.2770819664001465,1.3785799741744995,4.542743921279907,2.762209177017212,,,,,,
8515280000.0,72.3,-0.33000001311302185,6529777152.0,3617.4051540414653,157.0,-0.05835912376642227,2588672.0,3047.508597135544,0.004546679090708494,0.0465087890625,2.325106620788574,-0.02054568938910961,0.000636198150459677,-0.023251065984368324,0.00270537706092,0.0,-0.0010139474179595709,0.03573864698410034,0.9992926454467175,-2.200409412384033,1.340998888015747,-2.201423168182373,1.3437530994415283,4.5292134284973145,2.765794038772583,,,,,,
8515280000.0,70.6,0.12999999523162842,6529777152.0,3528.1868819657448,158.0,-0.058446966111660004,2605056.0,3052.15234208107,0.0050967237912118435,0.05328369140625,2.324692964553833,-0.020832616835832596,0.0006715452182106674,-0.023246929049491882,0.002414313144981861,0.0,-0.0009643949451856315,0.03658958524465561,0.9992345701847601,-2.1636061668395996,1.3207391500473022,-2.1645703315734863,1.3225276470184326,4.643744945526123,2.8870670795440674,,,,,,
8515280000.0,71.29,-0.3199999928474426,6529777152.0,3475.299105118838,159.0,-0.05848997086286545,2621440.0,3056.866756439209,0.003235239302739501,0.03240966796875,2.337890625,-0.02293386124074459,0.0005936175584793091,-0.023378906771540642,0.00044504180550575256,0.0,-9.827723260968924e-05,0.03431915119290352,0.9993390742985708,-2.1846985816955566,1.334993600845337,-2.1847970485687256,1.3349355459213257,4.714414358139038,2.762932538986206,,,,,,
,,,,,,,,,,,,,,,,,,,,,,,,,,0.004854625090956688,0.0052241189405322075,0.0011248140363022685,0.004854625090956688,0.0052241189405322075,0.0011248140363022685
,,,,,,,,,,,,,,,,,,,,,,,,,,0.001296874019317329,0.0016921099741011858,0.0012471292866393924,0.001296874019317329,0.0016921099741011858,0.0012471292866393924
,,,,,,,,,,,,,,,,,,,,,,,,,,0.0009441706934012473,0.0012835062807425857,0.001004324876703322,0.0009441706934012473,0.0012835062807425857,0.001004324876703322
,,,,,,,,,,,,,,,,,,,,,,,,,,0.000815661100205034,0.0012977656442672014,0.0009887819178402424,0.000815661100205034,0.0012977656442672014,0.0009887819178402424
,,,,,,,,,,,,,,,,,,,,,,,,,,0.0007555400370620191,0.001313457963988185,0.0011504762805998325,0.0007555400370620191,0.001313457963988185,0.0011504762805998325
,,,,,,,,,,,,,,,,,,,,,,,,,,0.0007367157959379256,0.0013048873515799642,0.000978795695118606,0.0007367157959379256,0.0013048873515799642,0.000978795695118606
8515280000.0,74.63,-0.3799999952316284,6327188480.0,28.087180943783935,160.0,-0.05826578289270401,2637824.0,3640.1933648586273,0.0045109339989721775,0.046875,2.3374931812286377,-0.022428102791309357,0.0005747539107687771,-0.023374931886792183,0.0009468297939747572,0.0,-0.0021112696267664433,0.03416437655687332,0.9993818625940759,-2.263805627822876,1.3698112964630127,-2.2659168243408203,1.3741399049758911,583.3266084194183,2.8448493480682373,,,,,,
8515280000.0,74.57,-0.5,6529777152.0,3454.340044666485,161.0,-0.05863858014345169,2654208.0,3644.9363837242126,0.00335930148139596,0.0380859375,2.337671995162964,-0.020904406905174255,0.0006988067761994898,-0.023376721888780594,0.00247231125831604,0.0,-0.0023687530774623156,0.03724594786763191,0.9992510021481807,-2.245002508163452,1.3592658042907715,-2.247371196746826,1.3609391450881958,4.743018865585327,2.88525652885437,,,,,,
8515280000.0,75.5,-0.23999999463558197,6529777152.0,3551.4548975488933,162.0,-0.058329273015260696,2670592.0,3649.549704313278,0.005572871770709753,0.072998046875,2.2924277782440186,-0.02074504643678665,0.0005887387087568641,-0.022924277931451797,0.002179231494665146,0.0,0.002745669800788164,0.034873247146606445,0.9993610429873604,-2.2286722660064697,1.3777267932891846,-2.225926637649536,1.3796106576919556,4.613320589065552,2.769232988357544,,,,,,
8515280000.0,73.74,-0.10999999940395355,6529777152.0,3566.401971541951,163.0,-0.05830112472176552,2686976.0,3654.143690109253,0.00309617817401886,0.02301025390625,2.302485942840576,-0.02139650285243988,0.0004997276118956506,-0.02302485704421997,0.001628352329134941,0.0,0.0007301614386960864,0.03220219537615776,0.999454151984994,-2.2519991397857666,1.3798577785491943,-2.2512688636779785,1.3783186674118042,4.5939857959747314,2.7595512866973877,,,,,,
8515280000.0,72.99,0.10999999940395355,6529777152.0,3529.6707106495473,164.0,-0.05822798237204552,2703360.0,3658.7854828834534,0.004188123624771833,0.046630859375,2.2828896045684814,-0.02262498438358307,0.0004127825377508998,-0.022828899323940277,0.00020391307771205902,0.0,0.00028721115086227655,0.02890198677778244,0.9995352942119458,-2.1883909702301025,1.3424521684646606,-2.188103675842285,1.3407214879989624,4.6417927742004395,2.7641165256500244,,,,,,
8515280000.0,72.44,-0.1599999964237213,6529777152.0,3648.841406297124,165.0,-0.05831621214747429,2719744.0,3663.2756752967834,0.006187509745359421,0.07733154296875,2.291264057159424,-0.020240819081664085,0.0004755502741318196,-0.02291264198720455,0.002671819180250168,0.0,0.0013200133107602596,0.031043002381920815,0.9994840346401767,-2.217963457107544,1.3670011758804321,-2.2166433334350586,1.3666378259658813,4.490192413330078,2.763701915740967,,,,,,
8515280000.0,72.1,-0.09000000357627869,6529777152.0,3678.4225279616035,166.0,-0.05837345868349075,2736128.0,3667.729758501053,0.006504763849079609,0.07366943359375,2.2653679847717285,-0.02137972041964531,0.00044731670641340315,-0.022653674706816673,0.0012739594094455242,0.0,0.0011718558380380273,0.03010540083050728,0.9995136382210065,-2.2178993225097656,1.3659865856170654,-2.2167274951934814,1.3651007413864136,4.454083204269409,2.7556369304656982,,,,,,
8515280000.0,75.59,-0.23999999463558197,6529777152.0,3564.842353139645,167.0,-0.05844441428780556,2752512.0,3672.3257541656494,0.008125883527100086,0.0982666015625,2.2738895416259766,-0.020782075822353363,0.0004665782325901091,-0.02273889258503914,0.0019568167626857758,0.0,0.00016580912051722407,0.029933789744973183,0.9995183417514477,-2.2219905853271484,1.3629343509674072,-2.2218246459960938,1.3639302253723145,4.595995664596558,2.765040636062622,,,,,,
8515280000.0,76.35,-0.4000000059604645,6529777152.0,3612.8548761084166,168.0,-0.05851217359304428,2768896.0,3676.8606719970703,0.0037383190356194973,0.03741455078125,2.255227565765381,-0.02213115245103836,0.00045008212327957153,-0.02255227416753769,0.00042112497612833977,0.0,-0.003697342239320278,0.02967190556228161,0.9995331725302882,-2.2502617835998535,1.3720040321350098,-2.2539591789245605,1.3733056783676147,4.534917831420898,2.7631072998046875,,,,,,
8515280000.0,72.45,-0.019999999552965164,6529777152.0,3573.8837566734546,169.0,-0.05839906632900238,2785280.0,3681.4450404644012,0.0025784221943467855,0.0233154296875,2.2280163764953613,-0.02149873413145542,0.0004644103755708784,-0.022280164062976837,0.0007814271375536919,0.0,-0.0018383227288722992,0.029802121222019196,0.999509802603754,-2.2070555686950684,1.3454368114471436,-2.2088940143585205,1.346051812171936,4.584368467330933,2.7571144104003906,,,,,,
8515280000.0,69.99,-0.38999998569488525,6529777152.0,3608.180758210984,170.0,-0.05849838629364967,2801664.0,3685.985832929611,0.004984759259968996,0.05657958984375,2.2149205207824707,-0.020848605781793594,0.0004550861194729805,-0.02214920148253441,0.0013005980290472507,0.0,0.000783971045166254,0.030541513115167618,0.9995017800826578,-2.197460889816284,1.364142894744873,-2.196676731109619,1.368295431137085,4.540792465209961,2.758577585220337,,,,,,
8515280000.0,74.07,-0.019999999552965164,6529777152.0,3526.0689535423026,171.0,-0.058450572192668915,2818048.0,3690.6323671340942,0.003535045776516199,0.0352783203125,2.212838649749756,-0.021541470661759377,0.0003810339840129018,-0.022128384560346603,0.0005869148299098015,0.0,0.0006445278413593769,0.027600472792983055,0.9995910654445224,-2.2331058979034424,1.3653614521026611,-2.232461452484131,1.3648650646209717,4.646534204483032,2.761578321456909,,,,,,
8515280000.0,73.9,0.019999999552965164,6529777152.0,3593.657227021559,172.0,-0.0584828183054924,2834432.0,3695.191510915756,0.0034802427981048822,0.03778076171875,2.2131471633911133,-0.02118067815899849,0.0009610716952010989,-0.02213147282600403,0.0009507890790700912,0.0,-0.0002826475538313389,0.043709103018045425,0.9989913446083697,-2.2206106185913086,1.37839674949646,-2.220893621444702,1.3762602806091309,4.559143781661987,2.763896942138672,,,,,,
8515280000.0,71.86,-0.38999998569488525,6529777152.0,3478.218364029401,173.0,-0.05858663097023964,2850816.0,3699.9019684791565,0.003084279131144285,0.032470703125,2.2249608039855957,-0.021708570420742035,0.00038816093001514673,-0.022249607369303703,0.0005410369485616684,0.0,-0.002401961013674736,0.027920067310333252,0.9995530331169434,-2.186845302581787,1.318135380744934,-2.1892473697662354,1.3206230401992798,4.7104575634002686,2.758223533630371,,,,,,
8515280000.0,73.83,0.23999999463558197,6529777152.0,3670.96065508984,174.0,-0.05850110203027725,2867200.0,3704.3651053905487,0.002501195762306452,0.020263671875,2.2492804527282715,-0.021325383335351944,0.00041659720591269433,-0.022492805495858192,0.0011674193665385246,0.0,-0.0007475505117326975,0.028990503400564194,0.9995470774183356,-2.231149196624756,1.3600472211837769,-2.23189640045166,1.3622089624404907,4.463136911392212,2.7647693157196045,,,,,,
8515280000.0,73.66,-0.2199999988079071,6529777152.0,3624.569235548687,175.0,-0.05862851440906525,2883584.0,3708.885366678238,0.0027002126444131136,0.0244140625,2.2513513565063477,-0.021861769258975983,0.00043855683179572225,-0.022513514384627342,0.0006517451256513596,0.0,0.001041152747347951,0.02958298847079277,0.9995402195173491,-2.233222007751465,1.3783903121948242,-2.2321808338165283,1.3796430826187134,4.520261287689209,2.767029285430908,,,,,,
8515280000.0,70.89,-0.07999999821186066,6529777152.0,3580.3289403286644,176.0,-0.05852174758911133,2899968.0,3713.461482524872,0.005376592744141817,0.065673828125,2.2096714973449707,-0.020401038229465485,0.0004070885188411921,-0.02209671586751938,0.0016956753097474575,0.0,0.0002913402859121561,0.028705662116408348,0.9995452019625979,-2.1836628913879395,1.3481659889221191,-2.1833715438842773,1.3460413217544556,4.576115846633911,2.772634506225586,,,,,,
8515280000.0,72.31,0.17000000178813934,6529777152.0,3536.096645262279,177.0,-0.05847472697496414,2916352.0,3718.0948400497437,0.00482127396389842,0.0540771484375,2.2563233375549316,-0.02029789611697197,0.0005099669215269387,-0.022563235834240913,0.0022653425112366676,0.0,-0.002015824429690838,0.030935252085328102,0.9994893495616313,-2.2325077056884766,1.3688790798187256,-2.2345237731933594,1.368963599205017,4.633357524871826,2.8082118034362793,,,,,,
8515280000.0,75.19,0.12999999523162842,6529777152.0,3476.4935863213304,178.0,-0.05829085782170296,2932736.0,3722.8076345920563,0.004428955726325512,0.04571533203125,2.213726282119751,-0.02173972688615322,0.0004206661251373589,-0.022137263789772987,0.00039753690361976624,0.0,0.004550188779830933,0.02869449555873871,0.9995602718396321,-2.2382891178131104,1.368816614151001,-2.233738899230957,1.3683788776397705,4.712794542312622,2.7661728858947754,,,,,,
8515280000.0,73.5,0.20000000298023224,6529777152.0,3430.8995363856857,179.0,-0.05841674283146858,2949120.0,3727.5830585956573,0.0033031171187758446,0.02685546875,2.2688651084899902,-0.021498356014490128,0.00047187632299028337,-0.022688651457428932,0.0011902935802936554,0.0,0.002878367668017745,0.030548425391316414,0.9994987790769514,-2.248372793197632,1.3666298389434814,-2.2454943656921387,1.364502191543579,4.775424003601074,2.8607585430145264,,,,,,
8515280000.0,73.82,0.2800000011920929,6529777152.0,3569.149697936593,180.0,-0.05841216444969177,2965504.0,3732.1735076904297,0.0026966817677021027,0.021484375,2.2184267044067383,-0.0209501963108778,0.0004288376949261874,-0.02218426577746868,0.0012340652756392956,0.0,0.0039395494386553764,0.029051152989268303,0.9995618420590351,-2.2558741569519043,1.389075756072998,-2.25193452835083,1.3878672122955322,4.590449094772339,2.763002395629883,,,,,,
8515280000.0,71.83,-0.09000000357627869,6529777152.0,3628.1249581788366,181.0,-0.05850686877965927,2981888.0,3736.6893389225006,0.005879105534404516,0.0662841796875,2.279327392578125,-0.020620260387659073,0.0004164337879046798,-0.022793272510170937,0.002173009794205427,0.0,0.002703446662053466,0.028918514028191566,0.999551149528658,-2.249211549758911,1.365437626838684,-2.2465081214904785,1.364975929260254,4.515831232070923,2.77725887298584,,,,,,
8515280000.0,73.37,-0.05000000074505806,6529777152.0,3508.324970162163,182.0,-0.05852777510881424,2998272.0,3741.359373807907,0.007296095136553049,0.08349609375,2.1936495304107666,-0.020164109766483307,0.0004279128916095942,-0.02193649299442768,0.0017723850905895233,0.0,-0.0002660308382473886,0.029069285839796066,0.9995504006425144,-2.2156896591186523,1.370468258857727,-2.2159557342529297,1.3709498643875122,4.670034885406494,2.777310848236084,,,,,,
8515280000.0,69.74,-0.07000000029802322,6529777152.0,3678.5040459302627,183.0,-0.05858992785215378,3014656.0,3745.8133583068848,0.0061531998217105865,0.07952880859375,2.2668979167938232,-0.020881598815321922,0.00040815843385644257,-0.022668978199362755,0.0017873798497021198,0.0,-0.004467248450964689,0.028628459200263023,0.9995626616182275,-2.2123260498046875,1.3687107563018799,-2.2167932987213135,1.3689548969268799,4.453984498977661,2.766174554824829,,,,,,
